A,B,confidence
[175],"[897, 730, 1141, 4118]",0.1294820717131474 0.16135458167330677 0.14143426294820718 0.14342629482071714
[184],"[850, 3451]",0.125 0.10204081632653061
[364],[910],0.19775280898876405
[482],"[1058, 2851, 869, 806, 485, 2218, 911, 1977, 954, 2845]",0.11142256482130343 0.1324456902592852 0.11282410651716888 0.13875262789067974 0.17379117028731605 0.16327960756832516 0.13034337771548704 0.1212333566923616 0.13945339873861246 0.10932025227750525
"[482, 911]",[722],0.3763440860215054
"[482, 1058]",[2218],0.45226130653266333
[485],"[482, 1058, 2851, 869, 806, 2218, 911, 3217, 1977, 730, 1086]",0.14076655052264808 0.12961672473867597 0.1059233449477352 0.17700348432055749 0.10731707317073172 0.1142857142857143 0.10940766550522647 0.16236933797909406 0.10940766550522647 0.14076655052264808 0.12195121951219513
"[485, 911]",[722],0.3709677419354838
[521],"[1443, 1190, 648, 1266, 1563]",0.17944535073409462 0.18760195758564438 0.18107667210440456 0.19249592169657423 0.13213703099510604
[524],"[1190, 584, 648, 1266, 660, 1462, 2840, 1018]",0.11607142857142856 0.1211734693877551 0.1096938775510204 0.3137755102040816 0.12372448979591837 0.15816326530612246 0.11479591836734693 0.125
[543],"[584, 2452, 1462, 1018, 2812, 830]",0.16346153846153844 0.15209790209790208 0.12893356643356643 0.10402097902097901 0.1381118881118881 0.16389860139860138
[562],[2795],0.1349206349206349
[566],"[184, 850]",0.16381418092909536 0.1687041564792176
[584],"[3906, 4817, 850, 817, 2452, 1462, 1463, 1018, 2812, 830, 543]",0.39441624365482236 0.14771573604060914 0.1446700507614213 0.2512690355329949 0.1862944162436548 0.11015228426395939 0.17614213197969542 0.15786802030456853 0.12081218274111676 0.11928934010152284 0.16852791878172588 0.10152284263959391 0.10964467005076142 0.10152284263959391 0.1279187817258883 0.11421319796954314
"[543, 584]","[2452, 1462, 1018, 2812, 830]",0.3025210084033614 0.5336134453781513 0.36554621848739494 0.2899159663865546 0.4327731092436975 0.27310924369747897
"[584, 660]","[2812, 1462]",0.47513812154696133 0.580110497237569
"[584, 817]","[850, 1462, 1463, 1018, 2812]",0.3279742765273312 0.28938906752411575 0.2572347266881029 0.5048231511254019 0.22829581993569134
"[584, 830]","[2452, 1462, 1018, 2812, 543]",0.31063829787234043 0.6127659574468086 0.3063829787234043 0.5744680851063829 0.5957446808510638 0.3872340425531915 0.35744680851063826 0.4170212765957447 0.2765957446808511
"[584, 830, 1018, 1462]",[2812],0.7738095238095238
"[584, 830, 1462]","[1018, 2812]",0.65 0.6 0.4642857142857143
"[584, 830, 1462, 2812]",[1018],0.7142857142857143
"[584, 850]","[3906, 817, 1462, 1018, 2812]",0.4947368421052632 0.31228070175438594 0.26666666666666666 0.3157894736842105 0.2456140350877193
"[584, 861]",[1462],0.6346153846153846
"[584, 1018]","[3906, 817, 850, 2452, 1462, 1463, 2812, 830, 543]",0.3678474114441417 0.5885558583106267 0.20708446866485017 0.2615803814713897 0.2370572207084469 0.21798365122615804 0.6130790190735695 0.2561307901907357 0.19346049046321528 0.22888283378746593 0.2016348773841962 0.3760217983651226 0.2670299727520436 0.1771117166212534 0.1880108991825613 0.1771117166212534
"[584, 830, 1018]","[2812, 1462]",0.6222222222222222 0.725925925925926 0.4814814814814815
"[584, 1018, 1462]","[2452, 3906, 2812, 830]",0.38888888888888884 0.34259259259259256 0.6388888888888888 0.30092592592592593 0.30092592592592593
"[584, 1018, 2452]","[2812, 1462]",0.6914893617021277 0.7340425531914894
"[584, 1018, 2812]","[830, 2452, 1462]",0.6133333333333333 0.4355555555555556 0.30666666666666664 0.2888888888888889
"[584, 830, 1018, 2812]",[1462],0.6632653061224489
"[584, 1018, 1462, 2812]",[830],0.4710144927536232
"[584, 1190]",[1462],0.4733333333333334
"[584, 1266]",[1462],0.5434782608695652
"[584, 1403]",[1462],0.5701754385964912
"[584, 1462]","[3906, 4817, 850, 817, 660, 2452, 1463, 1018, 3451, 2812, 830, 543]",0.18146718146718147 0.25740025740025735 0.17503217503217502 0.16344916344916344 0.13513513513513511 0.277992277992278 0.25740025740025735 0.20205920205920203 0.18018018018018017 0.3243243243243243 0.11325611325611326 0.1969111969111969 0.11711711711711711 0.1081081081081081 0.10553410553410554 0.17760617760617758
"[543, 584, 1462]",[2812],0.5118110236220472
"[584, 1462, 1463]","[3906, 2812]",0.35000000000000003 0.35500000000000004
"[584, 1463]","[3906, 817, 2452, 1462, 1018, 2812]",0.5763688760806917 0.3256484149855908 0.23054755043227668 0.2824207492795389 0.23054755043227668 0.1873198847262248 0.2017291066282421 0.20461095100864554
"[584, 2452]","[3906, 1462, 1463, 1018, 2812, 830, 543]",0.2508591065292096 0.274914089347079 0.23711340206185566 0.44673539518900346 0.22336769759450173 0.5257731958762887 0.32302405498281783 0.281786941580756 0.22336769759450173 0.23711340206185566
"[584, 1462, 2452]","[1018, 2812]",0.5359477124183006 0.42483660130718953
"[584, 2452, 2812]","[1018, 1462]",0.6307692307692307 0.5307692307692308
"[584, 2812]","[3906, 817, 850, 4817, 660, 2452, 1462, 1463, 1018, 830, 543]",0.29090909090909095 0.17373737373737375 0.20606060606060608 0.1797979797979798 0.2282828282828283 0.2080808080808081 0.509090909090909 0.2080808080808081 0.26262626262626265 0.13333333333333336 0.4545454545454546 0.18383838383838386 0.14343434343434344 0.16565656565656567 0.13131313131313133 0.14545454545454548 0.2787878787878788 0.197979797979798 0.1393939393939394 0.13131313131313133
"[543, 584, 2812]",[1462],0.6310679611650486
"[584, 830, 2812]","[1018, 1462]",0.6319444444444444 0.6805555555555556 0.45138888888888884
"[584, 1462, 2812]","[3906, 2452, 1463, 1018, 830, 543]",0.3611111111111111 0.2817460317460318 0.3253968253968254 0.25793650793650796 0.28571428571428575 0.5476190476190477 0.25793650793650796
"[584, 1463, 2812]",[1462],0.6283185840707964
"[584, 3451]",[1462],0.5269461077844312
"[584, 3905]",[1462],0.6330275229357798
"[584, 3906]","[4817, 850, 2452, 1462, 1463, 1018, 2812]",0.24096385542168677 0.3283132530120482 0.3102409638554217 0.21084337349397592 0.2951807228915663 0.28915662650602414 0.6024096385542169 0.21084337349397592 0.22590361445783133 0.22289156626506026 0.2168674698795181
"[584, 1018, 3906]",[1462],0.7708333333333334
"[584, 1462, 3906]","[4817, 1018, 2812, 1463]",0.35000000000000003 0.375 0.37 0.36000000000000004
"[584, 1463, 3906]",[1462],0.7142857142857143
"[584, 2812, 3906]",[1462],0.6990291262135923
"[584, 4817]","[3906, 2812, 1462]",0.6267281105990783 0.5023041474654378 0.30414746543778803 0.3456221198156682
"[584, 1462, 4817]",[3906],0.5514705882352942
"[584, 3906, 4817]",[1462],0.6880733944954128
[600],"[648, 909, 1190]",0.18867924528301888 0.11202830188679246 0.19575471698113206
[621],[897],0.17232375979112272
[648],"[3214, 660, 909, 1190]",0.15955176093916756 0.13073639274279616 0.26147278548559233 0.10512273212379937
"[648, 660]",[1190],0.23411371237458192
"[648, 909]",[1190],0.5020408163265306
"[648, 951]",[1190],0.5609756097560975
"[648, 1190]","[660, 909, 3214, 951]",0.14081632653061224 0.15306122448979592 0.14285714285714285 0.2510204081632653
"[648, 3214]",[1190],0.38071065989847713
[651],"[2812, 1463]",0.3333333333333333 0.2784810126582279
[654],"[584, 1462]",0.32432432432432434 0.34234234234234234
[659],[660],0.480225988700565
[660],"[648, 584, 1462, 1018, 2812, 830, 543]",0.17485380116959068 0.16198830409356726 0.14912280701754388 0.16842105263157897 0.17192982456140352 0.10584795321637427 0.12339181286549708
"[543, 660]","[1018, 1462, 830]",0.32701421800947866 0.3364928909952607 0.3222748815165877
"[660, 830]","[1018, 2812, 1462, 543]",0.24909747292418769 0.3898916967509025 0.44765342960288806 0.33212996389891697 0.24909747292418769
"[660, 830, 2812]",[1018],0.6388888888888888
"[660, 1190]",[648],0.5147058823529412
"[660, 1462]","[584, 2452, 1018, 2812, 830, 543]",0.36458333333333326 0.3020833333333333 0.25 0.3194444444444444 0.37152777777777773 0.24652777777777776
"[660, 2812]","[584, 2452, 1462, 1018, 830]",0.3372549019607843 0.4235294117647059 0.3411764705882353 0.5176470588235293 0.2588235294117647 0.27058823529411763
[668],"[897, 730, 780]",0.11355081555834379 0.1248431618569636 0.11480552070263489
[705],"[725, 726, 1141, 728, 1721, 730, 3647]",0.10501750291715285 0.1353558926487748 0.14002333722287047 0.13652275379229872 0.14935822637106183 0.11085180863477245 0.12135355892648775
[722],"[806, 2218, 1067, 911, 726, 1721, 730]",0.10105680317040952 0.12483487450462351 0.17040951122853368 0.11624834874504625 0.10766182298546896 0.37714663143989435 0.1155878467635403
"[482, 722]",[911],0.5384615384615384
"[485, 722]",[911],0.4964028776978417
"[722, 726]",[911],0.5490196078431372
"[722, 806]",[911],0.5873015873015873
"[722, 869]",[911],0.5223880597014926
"[722, 910]",[911],0.5539568345323741
"[722, 911]","[864, 482, 1058, 485, 806, 869, 2218, 1067, 2413, 910, 1721, 726, 1977, 730]",0.11733800350262695 0.13485113835376533 0.16987740805604204 0.14711033274956217 0.19439579684763572 0.12434325744308232 0.1295971978984238 0.12084063047285463 0.12259194395796848 0.22767075306479861 0.18914185639229422 0.14711033274956217 0.11558669001751314 0.12259194395796848
"[722, 1058]",[911],0.5076923076923077
"[722, 1067]",[911],0.5511363636363636
"[722, 2413]",[911],0.6166666666666666
[725],"[897, 730]",0.104089219330855 0.2420487401900041
"[725, 4118]",[730],0.4213483146067416
[726],"[1721, 1052, 910]",0.22371177209886886 0.1658986175115207 0.1193967322999581
"[726, 910]",[1721],0.37878787878787884
"[726, 911]","[1721, 722]",0.42035398230088494 0.3716814159292035
[728],"[1569, 730, 725]",0.31232622798887855 0.1881371640407785 0.1000926784059314 0.1010194624652456
"[725, 728]",[730],0.5369458128078818
"[728, 730]",[725],0.32344213649851633
[730],"[1067, 725]",0.12406468742457157 0.1414433985034999
"[722, 730]",[911],0.5038759689922481
"[725, 730]","[1569, 1185, 897, 970, 1067, 4118, 728, 1721]",0.15870307167235495 0.18600682593856654 0.12798634812286688 0.13481228668941977 0.14505119453924914 0.14334470989761092 0.14334470989761092 0.14334470989761092
"[726, 730]",[1721],0.3905579399141631
"[730, 911]","[2218, 1721, 722, 1067]",0.3 0.2764705882352941 0.3823529411764706 0.19411764705882353
"[730, 970]",[1721],0.21543408360128616
"[730, 1067]","[897, 1185, 1569, 1130, 911, 725, 4118, 1721]",0.23346303501945528 0.13618677042801558 0.18287937743190663 0.13618677042801558 0.14202334630350194 0.15175097276264593 0.16342412451361868 0.12645914396887162
"[730, 1130]",[1067],0.3349282296650718
"[730, 1141]","[1185, 1721, 4118, 1569]",0.25914634146341464 0.22560975609756095 0.20121951219512196 0.2042682926829268
"[730, 2218]",[911],0.28448275862068967
"[730, 4118]","[1141, 1067, 725]",0.3409090909090909 0.2130681818181818 0.2102272727272727
[738],"[2753, 482, 2851, 2884, 869, 806, 1058, 485, 2218, 2414, 911, 722, 730, 1977, 954, 4059, 2845, 1086]",0.1445466491458607 0.14980289093298294 0.11563731931668858 0.1011826544021025 0.27332457293035484 0.20367936925098554 0.11432325886990802 0.1695137976346912 0.11695137976346912 0.1011826544021025 0.12089356110381078 0.15505913272010513 0.1997371879106439 0.1116951379763469 0.1800262812089356 0.16819973718791065 0.12089356110381078 0.12614980289093297 0.10643889618922471
"[738, 2851]",[2753],0.4258064516129033
"[738, 4059]",[2753],0.5912408759124088
[758],"[730, 725, 726]",0.12357414448669203 0.12547528517110268 0.1463878326996198
[770],[730],0.2
[771],"[910, 722, 726, 1721, 730]",0.20084566596194503 0.14587737843551798 0.1543340380549683 0.19873150105708245 0.13953488372093026
[775],"[897, 730]",0.20653061224489797 0.10040816326530612
[780],"[824, 730, 822, 823]",0.11064055055584965 0.10534674430915827 0.11381683430386448 0.16410799364743248
"[780, 822]",[823],0.3875598086124402
"[780, 823]","[824, 822]",0.2612903225806452 0.21935483870967742
[788],"[584, 817, 850, 1462, 856, 3451, 2812]",0.14834024896265563 0.14522821576763487 0.1400414937759336 0.11203319502074689 0.11203319502074689 0.12033195020746888 0.19605809128630705
[806],"[482, 1058, 2884, 485, 2218, 2413, 2414, 911, 722, 1977, 954, 2845]",0.10292953285827396 0.11718131433095803 0.11084718923198734 0.14014251781472684 0.12984956452889945 0.1496437054631829 0.15676959619952494 0.10768012668250199 0.16310372129849565 0.1417260490894695 0.18448139350752177 0.1140142517814727
"[806, 911]",[722],0.47639484978540775
[812],"[584, 817, 850, 1462]",0.16258741258741258 0.11538461538461539 0.13286713286713286 0.17307692307692304
[817],"[584, 850, 1462, 856, 1018, 2812]",0.13079019073569484 0.11389645776566756 0.17057220708446869 0.1569482288828338 0.16948228882833788 0.11934604904632154
"[817, 830]","[1018, 2812]",0.5328467153284672 0.5109489051094891
"[817, 850]","[584, 3451, 856, 1462]",0.34374999999999994 0.31249999999999994 0.23263888888888884 0.23263888888888884
"[817, 1018]","[584, 1462, 830, 2812]",0.3492822966507177 0.40669856459330145 0.5263157894736842 0.33971291866028713
"[817, 1462]","[584, 850, 1463, 1018, 2812]",0.29712460063897767 0.29073482428115016 0.31629392971246 0.2715654952076677 0.5015974440894568
"[817, 1463]","[584, 1462]",0.5352941176470588 0.47058823529411764
"[817, 2812]","[830, 1018, 584, 1462]",0.3875 0.29166666666666663 0.425 0.45833333333333326
"[817, 3451]",[850],0.435064935064935
[822],"[824, 780, 823]",0.16129032258064518 0.18221447253705317 0.15518744551002614
"[822, 823]",[780],0.45505617977528096
[823],"[1130, 780, 822, 824, 730]",0.10416666666666667 0.10119047619047619 0.16517857142857142 0.2306547619047619 0.1324404761904762
[824],"[964, 780, 910, 726, 823]",0.10653104925053532 0.1076017130620985 0.11884368308351177 0.11509635974304068 0.10599571734475374
"[726, 824]",[910],0.3383838383838384
"[780, 824]",[823],0.31627906976744186
"[823, 824]",[780],0.3063063063063063
"[824, 910]",[726],0.3366834170854271
[828],"[850, 3451, 3906, 1462]",0.17841880341880342 0.27457264957264954 0.12713675213675213 0.10576923076923077
[830],"[2452, 660, 1462, 1018, 2812, 543]",0.15661641541038523 0.16457286432160803 0.259212730318258 0.11599664991624792 0.1126465661641541 0.32830820770519265 0.1591289782244556
"[543, 830]","[584, 2452, 660, 1462, 1018, 2812]",0.34224598930481287 0.18449197860962568 0.19251336898395724 0.2700534759358289 0.4010695187165776 0.5053475935828877 0.27272727272727276 0.17647058823529416 0.2165775401069519 0.1898395721925134
"[830, 1018, 1462]","[584, 2452, 2812, 543]",0.5714285714285715 0.33333333333333337 0.36363636363636365 0.35064935064935066 0.2813852813852814
"[830, 1018, 1462, 2812]",[584],0.49242424242424243
"[830, 1462]","[3906, 584, 850, 660, 2452, 1463, 1018, 2812, 543]",0.3256997455470738 0.5877862595419847 0.17302798982188294 0.2340966921119593 0.18575063613231552 0.2340966921119593 0.30788804071246817 0.2315521628498728 0.33587786259541985 0.1959287531806616 0.21374045801526717 0.1806615776081425 0.20610687022900764 0.1806615776081425 0.16539440203562342
"[543, 830, 1462]","[1018, 2812]",0.6328125 0.5546875
"[830, 1463]",[1462],0.5964912280701754
"[830, 1462, 2452]","[1018, 2812]",0.6363636363636365 0.5867768595041323
"[830, 1462, 2812]","[584, 1018, 2452, 543]",0.49189189189189186 0.7135135135135136 0.3837837837837838 0.3837837837837838 0.35135135135135137
[842],[1462],0.19512195121951223
[850],"[584, 817, 3451, 1462]",0.10836501901140684 0.10950570342205325 0.15247148288973386 0.1376425855513308
"[828, 850]",[3451],0.30739299610894943
"[830, 850]","[1018, 2812, 1462]",0.3821989528795811 0.47643979057591623 0.3769633507853404
"[850, 1018]",[584],0.3114754098360656
"[850, 1462]","[3906, 584, 817, 4817, 2452, 1018, 3451, 2812, 830]",0.3516209476309227 0.24688279301745633 0.23441396508728177 0.18453865336658354 0.18204488778054861 0.24937655860349126 0.26683291770573564 0.2144638403990025 0.19201995012468828
"[850, 2452]",[1462],0.46951219512195125
"[850, 2812]","[584, 1018, 1462, 830]",0.4405940594059406 0.4900990099009901 0.3564356435643565 0.42574257425742573
"[850, 3451]","[817, 828, 1462]",0.21823204419889503 0.27624309392265195 0.18508287292817677
"[850, 3906]","[584, 1462]",0.3900414937759336 0.29045643153526973
[856],"[584, 817, 850, 788, 1462, 1018, 3451, 2812]",0.14014251781472684 0.1702296120348377 0.11322248614410137 0.11322248614410137 0.10847189231987332 0.1163895486935867 0.17339667458432306 0.11797307996832938
"[817, 856]",[850],0.30593607305936066
"[850, 856]",[817],0.31162790697674414
"[856, 1018]",[2812],0.5306122448979592
"[856, 2812]",[1018],0.4406779661016949
[861],"[584, 817, 850, 1462, 1018, 2812, 830]",0.2759226713532513 0.15641476274165203 0.1827768014059754 0.15817223198594024 0.13708260105448156 0.11775043936731107 0.19332161687170474 0.11599297012302287
"[861, 1462]",[584],0.4203821656050956
[864],"[730, 722, 911]",0.3159609120521173 0.3257328990228013 0.2247557003257329 0.21824104234527686
"[722, 864]",[911],0.690721649484536
"[864, 911]",[722],0.6699999999999999
[869],"[482, 1058, 485, 2218, 1067, 911, 730]",0.12809131261889664 0.1959416613823716 0.10082435003170577 0.1274571972098922 0.12111604311984782 0.12048192771084337 0.1357006975269499
"[485, 869]",[2218],0.3712871287128713
"[869, 911]",[722],0.368421052631579
[875],"[1537, 4771, 1764, 1130, 1514, 3324]",0.10301768990634755 0.19302809573361082 0.11758584807492196 0.16441207075962538 0.17325702393340273 0.13839750260145683
"[875, 1003]","[1764, 1135]",0.36363636363636365 0.4385026737967915
"[875, 1135]","[1130, 1003, 1764]",0.3885714285714285 0.37714285714285717 0.4057142857142857
"[875, 1514, 4771]",[1537],0.6232876712328768
"[875, 1537, 4771]",[1514],0.7583333333333333
"[875, 1764]","[1537, 1514, 1003, 1130, 1135, 3324]",0.3308270676691729 0.2669172932330827 0.25187969924812026 0.3082706766917293 0.3120300751879699 0.2857142857142857
"[875, 3324]","[1514, 1764, 1130]",0.38383838383838387 0.3585858585858586 0.41919191919191917
"[875, 4771]","[1537, 1130, 1514]",0.336283185840708 0.5309734513274337 0.6460176991150441 0.4026548672566372
"[725, 897]",[730],0.3333333333333333
"[730, 897]","[1185, 1067, 725]",0.1794871794871795 0.1794871794871795 0.21538461538461537
"[897, 1067]",[730],0.3225806451612903
"[897, 1130]","[1537, 1514, 1764]",0.2084507042253521 0.23380281690140842 0.19718309859154928
"[897, 1514]","[1537, 1130, 4771, 1764]",0.2643312101910828 0.27388535031847133 0.32165605095541405 0.4171974522292994
"[897, 1537]","[1514, 4771]",0.31627906976744186 0.6093023255813954
"[897, 1764]","[3324, 1130, 1514]",0.26334519572953735 0.30604982206405695 0.2704626334519573
"[897, 3324]",[1764],0.4222222222222223
"[897, 3373]",[3360],0.4744525547445256
"[897, 4771]","[1537, 1514]",0.6558441558441558 0.4415584415584415
[908],"[824, 668, 730, 780]",0.12552301255230125 0.14330543933054393 0.1098326359832636 0.11820083682008369
[909],"[648, 1190]",0.18393393393393392 0.29954954954954954
"[909, 1190]",[648],0.3082706766917293
[910],"[1721, 726]",0.16940581542351452 0.16687737041719342
"[726, 910]","[824, 1052]",0.1691919191919192 0.20202020202020204
"[910, 911]","[1721, 722]",0.38118811881188125 0.34653465346534656
[911],"[1058, 806, 2218, 1067, 910, 722, 726, 1721, 730]",0.1714573877962683 0.1260716086737267 0.16288451840645485 0.2879475542107917 0.11396873424104892 0.1371659102370146 0.11749873928391326 0.10186585980837115 0.10539586485123549
[940],"[1266, 1427, 1462]",0.16758241758241757 0.1043956043956044 0.10164835164835165
[951],"[648, 909, 1190]",0.24404761904761907 0.2817460317460318 0.15476190476190477 0.13690476190476192
[954],"[2753, 482, 738, 2851, 485, 806, 2884, 869, 1058, 2218, 2413, 2414, 911, 3598, 722, 1977, 4059, 2845]",0.20833333333333334 0.12023809523809524 0.15 0.1761904761904762 0.15357142857142858 0.19166666666666668 0.15357142857142858 0.13333333333333333 0.15476190476190477 0.2785714285714286 0.1392857142857143 0.14523809523809525 0.1380952380952381 0.12142857142857144 0.17261904761904762 0.11904761904761905 0.1619047619047619 0.19285714285714287
"[954, 2851]",[2218],0.29059829059829057
[959],"[2979, 543]",0.11578947368421054 0.12280701754385966
[960],[730],0.2185430463576159
[964],"[3370, 1962, 780, 910, 725, 824]",0.1021021021021021 0.2012012012012012 0.12112112112112111 0.10010010010010009 0.1151151151151151 0.1051051051051051
[970],"[897, 725, 1141, 4118, 1721, 730]",0.11578305911029858 0.11517367458866544 0.10420475319926874 0.14137720901889092 0.12492382693479585 0.1895185862279098
"[725, 970]",[730],0.4008620689655173
"[730, 970]",[725],0.2990353697749196
[972],"[897, 970, 725, 1141, 4118, 1721, 730]",0.10971786833855798 0.15517241379310343 0.13636363636363635 0.21159874608150467 0.10971786833855798 0.10658307210031347 0.16614420062695923
[973],"[780, 823, 824, 730, 668]",0.14371257485029942 0.1337325349301397 0.16966067864271456 0.1377245508982036 0.14770459081836326
[975],"[909, 1190]",0.10756501182033097 0.10283687943262411
[997],"[2452, 1462, 1018, 2812, 2557, 830, 543]",0.18738738738738742 0.21621621621621623 0.12072072072072071 0.22162162162162163 0.14774774774774777 0.12972972972972974 0.13873873873873876
[1002],"[584, 817, 850, 1462]",0.13154533844189017 0.14687100893997446 0.12388250319284802 0.10217113665389527
[1003],"[1537, 1764, 1130, 875, 1514, 1135, 3324]",0.37184115523465705 0.15342960288808666 0.11371841155234656 0.253309265944645 0.1305655836341757 0.11251504211793019 0.1233453670276775 0.1444043321299639
"[1003, 1135]","[1537, 1764, 1130, 875, 1514, 3324]",0.16152019002375295 0.18052256532066507 0.19477434679334918 0.5700712589073634 0.2921615201900237 0.21140142517814725 0.2019002375296912
"[1003, 1764]","[1537, 1514, 875, 1130, 1135, 3568, 3324]",0.26537216828478966 0.12459546925566344 0.15857605177993528 0.13268608414239483 0.18122977346278318 0.38834951456310685 0.13106796116504854 0.13754045307443366
"[1003, 1135, 1764]",[3324],0.35416666666666663
"[1003, 3324]","[1764, 1135]",0.6431372549019607 0.48235294117647054 0.3333333333333333
"[1003, 1135, 3324]",[1764],0.6910569105691057
[1018],"[584, 850, 660, 2452, 1462, 2812, 830, 543]",0.15121549237742068 0.2369180057684384 0.1211372064276885 0.32303255047383606 0.33539348990523277 0.15409971157807992 0.15451174289245984 0.10053564070869386 0.10836423568191182 0.1565718994643593
"[543, 1018]","[584, 2452, 660, 1462, 2812, 830]",0.376 0.29866666666666664 0.43733333333333335 0.232 0.504 0.18133333333333332 0.272 0.17600000000000002 0.216 0.20533333333333334
"[660, 1018]","[2452, 1462, 2812, 830, 543]",0.4217687074829932 0.36394557823129253 0.44897959183673475 0.23129251700680273 0.227891156462585 0.23469387755102042
"[660, 830, 1018]",[2812],0.5564516129032258
"[660, 1018, 2812]",[830],0.5227272727272727
"[830, 1018]","[3906, 1190, 584, 850, 660, 2452, 1462, 3451, 2812, 543]",0.13392857142857142 0.1721938775510204 0.2946428571428571 0.11479591836734693 0.15816326530612246 0.11607142857142856 0.24107142857142855 0.1173469387755102 0.4846938775510204 0.2002551020408163 0.13010204081632654 0.1683673469387755 0.11862244897959184 0.10714285714285714 0.10331632653061225 0.125
"[543, 830, 1018]","[2452, 2812, 1462]",0.5396825396825398 0.34920634920634924 0.4285714285714286
"[850, 1018]","[2812, 830, 1462]",0.4057377049180328 0.3729508196721312 0.4385245901639344
"[1018, 1190]","[2812, 830]",0.4787234042553192 0.35638297872340424
"[1018, 1403]",[2812],0.47794117647058826
"[1018, 1462]","[3906, 584, 4817, 817, 850, 2452, 660, 1463, 3451, 2812, 830, 543]",0.24521739130434783 0.4017391304347826 0.2817391304347826 0.16 0.14782608695652172 0.37565217391304345 0.16521739130434782 0.24 0.18608695652173912 0.45739130434782604 0.18608695652173912 0.13565217391304346 0.22956521739130437 0.15304347826086956 0.13391304347826088 0.14608695652173911 0.12521739130434784 0.12869565217391304 0.1408695652173913 0.24 0.13391304347826088 0.11304347826086956 0.11304347826086956
"[543, 1018, 1462]","[2812, 830]",0.5744680851063829 0.5460992907801419
"[1018, 1463]","[584, 2812, 1462]",0.4966442953020134 0.6375838926174496 0.5369127516778524
"[1018, 2452]","[3906, 584, 660, 1462, 3451, 2812, 830, 543]",0.18181818181818182 0.4331550802139038 0.4732620320855615 0.29946524064171126 0.2058823529411765 0.25133689839572193 0.17914438502673796 0.4197860962566845 0.17647058823529416 0.23529411764705885 0.2058823529411765 0.2486631016042781 0.1737967914438503 0.18449197860962568
"[543, 1018, 2452]",[830],0.5892857142857143
"[830, 1018, 2452]","[2812, 1462, 543]",0.4203821656050956 0.4904458598726115 0.5923566878980893
"[1018, 1462, 2452]","[584, 2812, 830]",0.54320987654321 0.47530864197530864 0.4012345679012346
"[1018, 2452, 2812]","[830, 584, 1462]",0.49717514124293793 0.5254237288135594 0.3898305084745763
"[1018, 2557]",[830],0.4928571428571428
"[1018, 2812]","[3906, 584, 817, 850, 2452, 660, 1462, 3451, 830, 543]",0.21744471744471744 0.12162162162162161 0.11916461916461918 0.2014742014742015 0.3230958230958231 0.1375921375921376 0.13513513513513514 0.46683046683046686 0.16216216216216217 0.27641277641277645 0.12530712530712532 0.16216216216216217 0.10810810810810813 0.11425061425061427 0.16953316953316955 0.1203931203931204
"[543, 1018, 2812]","[1462, 830]",0.6219512195121951 0.46951219512195125
"[830, 1018, 2812]","[584, 2452, 660, 1462, 543]",0.18157894736842106 0.26842105263157895 0.3473684210526316 0.24473684210526317 0.2578947368421053 0.17105263157894737
"[1018, 1462, 2812]","[3906, 584, 2452, 830, 543]",0.5019011406844107 0.3346007604562738 0.2737642585551331 0.5247148288973384 0.2927756653992396 0.24714828897338406
"[1018, 3451]","[2452, 1462, 830, 2812]",0.30357142857142855 0.4330357142857143 0.41071428571428575 0.3482142857142857
"[1018, 3906]",[584],0.4192139737991266
[1029],"[1523, 725, 726, 1721, 730]",0.16586921850079744 0.13875598086124402 0.14354066985645933 0.13556618819776714 0.15948963317384368
[1045],[911],0.20766773162939298
[1052],"[1721, 1523, 726, 910]",0.1662531017369727 0.19975186104218362 0.11786600496277914 0.3535980148883374 0.11538461538461539
"[726, 1052]","[1721, 910]",0.2807017543859649 0.3263157894736842
"[910, 1052]",[726],0.5970149253731344
[1058],"[2753, 482, 2851, 869, 806, 485, 2218, 1067, 911, 3217, 1977]",0.10429447852760736 0.12331288343558282 0.11779141104294479 0.11840490797546013 0.11840490797546013 0.1098159509202454 0.11411042944785277 0.12822085889570553 0.24539877300613497 0.12392638036809817 0.12208588957055215
"[485, 1058]",[2218],0.48019801980198024
"[806, 1058]",[2218],0.36871508379888274
"[869, 1058]",[2218],0.5124378109452736
"[911, 1058]","[722, 2218]",0.32057416267942584 0.31578947368421056
"[1058, 1067]",[2218],0.3494623655913978
"[1058, 2851]",[2218],0.44041450777202074
"[1058, 2884]",[2218],0.40372670807453415
[1067],"[730, 4118]",0.18589511754068713 0.10958408679927667
"[725, 1067]",[730],0.5
"[869, 1067]",[2218],0.3037383177570094
"[911, 1067]","[722, 2218, 1721, 730]",0.2536764705882353 0.35661764705882354 0.34558823529411764 0.25
"[1067, 4118]","[730, 1130]",0.39603960396039606 0.23762376237623767
[1086],"[1442, 2851, 2884, 869, 485, 806, 482, 1058, 2218, 1067, 911, 3217, 722, 1977, 730]",0.10486891385767791 0.13764044943820225 0.11329588014981273 0.14419475655430714 0.13483146067415733 0.1104868913857678 0.2050561797752809 0.12640449438202248 0.14325842696629215 0.16198501872659177 0.1254681647940075 0.1310861423220974 0.10674157303370788 0.150749063670412 0.14232209737827717
[1096],[1185],0.32916666666666666
[1126],"[1537, 1764, 1130, 875, 1514, 1003, 1135]",0.20963172804532576 0.20963172804532576 0.2322946175637394 0.21246458923512748 0.18413597733711048 0.2804532577903682 0.23512747875354106
[1130],"[897, 1537, 1514, 875, 3935]",0.13965244865718798 0.134913112164297 0.11721958925750395 0.11216429699842022 0.10363349131121644
"[875, 1130]","[1537, 4771, 1764, 1514, 1135, 3324]",0.20485175202156336 0.2668463611859838 0.17789757412398924 0.2776280323450135 0.19137466307277629 0.20485175202156336
"[1003, 1130]","[1764, 1135]",0.40211640211640215 0.4285714285714286
"[1067, 1130]","[730, 4118]",0.2621722846441948 0.26966292134831465
"[1130, 1135]","[1537, 1764, 875, 1003, 3324]",0.3755274261603375 0.3037974683544304 0.2784810126582279 0.3206751054852321 0.35443037974683544
"[1130, 1514]","[1537, 897, 1764, 875, 11931, 3324]",0.5081967213114754 0.23185011709601872 0.19437939110070254 0.1522248243559719 0.20843091334894612 0.2154566744730679
"[1130, 1764]","[897, 1537, 1514, 1003, 875, 1135, 3324]",0.3058419243986254 0.2542955326460481 0.28865979381443296 0.3161512027491409 0.3333333333333333 0.27835051546391754 0.2611683848797251
"[1130, 3324]","[1537, 4771, 1764, 1514, 875, 1135]",0.26373626373626374 0.23809523809523808 0.32600732600732596 0.2600732600732601 0.24542124542124538 0.3553113553113553
"[1130, 3935]","[11931, 4118]",0.21951219512195122 0.2865853658536585
"[1130, 4118]","[1067, 11931, 3935]",0.29629629629629634 0.3045267489711934 0.29629629629629634
"[1130, 4771]","[1537, 1514, 875, 3324]",0.26297577854671284 0.22491349480968859 0.5640138408304498 0.5017301038062283 0.34948096885813146
"[1130, 11931]","[1514, 4118, 3935]",0.2560553633217993 0.22491349480968859 0.32525951557093424
[1135],"[1537, 1764, 1130, 875, 1003, 1514, 3324]",0.17362637362637365 0.19633699633699633 0.30842490842490844 0.12820512820512822 0.17435897435897438 0.36117216117216117 0.18534798534798538 0.11501831501831503 0.17582417582417584
[1141],"[1185, 730, 1721, 4118]",0.11160258591357605 0.13984348417829193 0.11942837699897925 0.10309629125552909
"[726, 1141]",[1721],0.44554455445544555
"[910, 1141]",[1721],0.3959390862944162
"[1141, 4118]",[730],0.24422442244224424
[1146],"[1569, 897, 1185, 2408, 1141, 1721, 730]",0.14495412844036698 0.13944954128440368 0.1577981651376147 0.13027522935779817 0.13211009174311927 0.3339449541284404 0.2110091743119266
[1177],[726],0.23255813953488372
[1185],"[897, 730, 1721, 1141]",0.11345108695652173 0.13960597826086957 0.12296195652173912 0.1375679347826087
"[725, 1185]",[730],0.46448087431693985
"[726, 1185]",[1721],0.41420118343195267
"[730, 1185]","[897, 1569, 1067, 725, 1141, 1721]",0.2493827160493827 0.20987654320987653 0.20987654320987653 0.1728395061728395 0.21234567901234566 0.1802469135802469
"[897, 1185]",[730],0.2095808383233533
"[911, 1185]",[1721],0.38461538461538464
"[1067, 1185]",[730],0.36318407960199006
"[1141, 1185]","[1721, 730, 1569]",0.1922141119221411 0.20681265206812652 0.16788321167883213
"[1185, 1569]",[1721],0.26612903225806456
"[1185, 1721]",[1141],0.21823204419889503
[1190],"[648, 909]",0.1541135573580533 0.18926226342217073
"[830, 1190]",[1018],0.4972375690607735
"[951, 1190]",[648],0.48591549295774644
[1210],"[584, 817, 850, 1462, 856, 1018, 2812, 830]",0.15017064846416384 0.1757679180887372 0.15358361774744025 0.1825938566552901 0.12116040955631399 0.13310580204778155 0.2030716723549488 0.13651877133105803
[1255],"[1185, 730, 1721, 1141]",0.1925343811394892 0.1905697445972495 0.16502946954813358 0.24950884086444006
[1266],"[1190, 524, 1462, 1018, 543]",0.16918844566712518 0.10178817056396149 0.13204951856946356 0.10110041265474552 0.13892709766162312
"[1266, 1462]",[584],0.3712871287128713
[1267],"[1268, 1190]",0.22544642857142858 0.171875
[1268],"[1443, 1190, 648, 1266, 1267, 1563, 2844]",0.15473887814313345 0.19342359767891681 0.13152804642166344 0.13152804642166344 0.14893617021276595 0.17794970986460348 0.1470019342359768
[1274],[1266],0.19718309859154928
[1380],[780],0.11227154046997388
[1403],"[3906, 584, 850, 2484, 660, 1462, 1018, 3451, 2812, 830]",0.13165537270087124 0.1287512100677638 0.11035818005808325 0.11229428848015488 0.17618586640851888 0.16553727008712488 0.11616650532429816 0.1239109390125847 0.14811229428848016 0.10454985479186835
"[1403, 1462]",[584],0.3801169590643275
"[1403, 2812]",[1018],0.5416666666666666
[1427],"[850, 940, 1462]",0.21254355400696864 0.11672473867595817 0.12195121951219512
[1442],"[2753, 1058, 2851, 2884, 485, 869, 2218, 911, 3217, 730, 1977, 954, 4059, 1086]",0.11224489795918369 0.1989795918367347 0.11054421768707484 0.15476190476190477 0.13775510204081634 0.14965986394557826 0.1479591836734694 0.18707482993197277 0.11564625850340136 0.1207482993197279 0.2602040816326531 0.1139455782312925 0.13095238095238096 0.18707482993197277
[1443],"[648, 521, 1563, 1190]",0.18301314459049545 0.13144590495449948 0.23154701718907988 0.11627906976744184
[1462],"[3906, 584, 4817, 817, 850, 2452, 660, 1463, 1018, 3451, 2812, 830, 543]",0.29838709677419356 0.18087557603686635 0.10752688172043011 0.1509216589861751 0.15937019969278032 0.12096774193548387 0.1336405529953917 0.11059907834101383 0.2208141321044547 0.12019969278033794 0.15399385560675885 0.1716589861751152 0.14093701996927802 0.1009984639016897
"[543, 1462]","[3906, 584, 2452, 660, 1463, 1018, 2812, 830]",0.33620689655172414 0.23563218390804597 0.367816091954023 0.4051724137931034 0.36494252873563215 0.28160919540229884 0.20402298850574713 0.20114942528735633 0.23275862068965517 0.1867816091954023 0.22126436781609196 0.20402298850574713
"[830, 1462]","[584, 2812]",0.47073791348600513 0.356234096692112
"[1190, 1462]",[584],0.3497536945812808
"[1462, 1463]","[3906, 584, 817, 2452, 1018, 2812, 830, 543]",0.5449591280653951 0.2479564032697548 0.18528610354223432 0.26975476839237056 0.25885558583106266 0.1907356948228883 0.27520435967302453 0.21798365122615804 0.1907356948228883 0.19346049046321528
[1463],"[3906, 584, 817, 850, 2452, 1462, 1018, 2812, 830, 543]",0.11355633802816902 0.1663732394366197 0.12323943661971831 0.3054577464788732 0.14172535211267606 0.1311619718309859 0.1056338028169014 0.14964788732394366 0.3230633802816901 0.10035211267605634 0.176056338028169
"[543, 1463]",[1462],0.5426356589147286
[1480],"[830, 2452, 1462, 543]",0.11334552102376601 0.12431444241316271 0.11334552102376601 0.10420475319926875
[1489],"[3906, 2812, 584, 648, 3372, 850, 660, 2452, 1462, 856, 1018, 3451, 828, 830, 543]",0.11499999999999999 0.11166666666666665 0.12333333333333332 0.11666666666666667 0.265 0.18666666666666668 0.12999999999999998 0.15333333333333335 0.16499999999999998 0.20833333333333334 0.18666666666666668 0.11499999999999999 0.16499999999999998 0.16333333333333333 0.1383333333333333
[1514],"[897, 1537, 4771, 1764, 1130, 875, 3324]",0.2971784536460242 0.15646757053865887 0.1150604617075852 0.1040674239648223 0.36093807255404914 0.16819347746427263 0.12202271894466839 0.14217662147306706
"[875, 1514]","[1537, 4771, 1764, 1130, 3324]",0.22822822822822825 0.2642642642642643 0.29729729729729726 0.4384384384384384 0.5435435435435435 0.2732732732732733
"[1003, 1514]","[1537, 4771, 1764, 1135]",0.3463414634146342 0.5073170731707317 0.4 0.5463414634146341
"[1130, 1514]","[1537, 4771]",0.38173302107728335 0.23653395784543324
"[1135, 1514]","[1537, 4771, 1764, 1003, 3324]",0.3235294117647059 0.5504201680672269 0.3445378151260504 0.32773109243697474 0.5168067226890756 0.28151260504201675
"[1141, 1514]","[1537, 4771]",0.42592592592592593 0.41975308641975306
"[1514, 1764]","[897, 1537, 4771, 1130, 875, 1003, 1135, 3324]",0.1917211328976035 0.18736383442265794 0.29193899782135074 0.35294117647058826 0.39651416122004357 0.20043572984749455 0.2440087145969499 0.2679738562091503 0.18736383442265794 0.14161220043572986 0.14596949891067537
"[1135, 1514, 1764]",[1537],0.5447154471544715
"[1514, 3324]","[1537, 4771, 1764, 1130, 875, 1135]",0.2676056338028169 0.4718309859154929 0.3133802816901408 0.2711267605633803 0.45070422535211263 0.4718309859154929 0.22887323943661972 0.23591549295774644
"[1514, 3935]",[1537],0.5590551181102362
"[1514, 4676]",[4771],0.5703125
"[1514, 4771]","[1537, 897, 1764, 1130, 875, 3324]",0.1997533908754624 0.15782983970406905 0.4784217016029593 0.12453760789149199 0.18002466091245375 0.20098643649815046 0.1060419235511714 0.11220715166461159 0.12453760789149199
"[1130, 1514, 4771]",[1537],0.6196319018404908
"[1514, 1764, 4771]","[1537, 3324]",0.5308641975308642 0.4012345679012346
"[1514, 3324, 4771]","[1537, 1764]",0.5078125 0.5234375
"[1514, 11931]","[1537, 1130, 4771]",0.4585635359116022 0.43093922651933697 0.35911602209944754
[1523],"[1067, 910, 726, 1721, 730]",0.15619694397283532 0.11799660441426146 0.14940577249575554 0.14855687606112056 0.100169779286927
"[726, 1523]",[1721],0.41477272727272724
[1537],"[4771, 1764, 1130, 1514, 875, 1135]",0.1249500998003992 0.17644710578842315 0.2634730538922156 0.10099800399201597 0.3932135728542914 0.12614770459081837 0.15489021956087823
"[875, 1537]","[1130, 4771, 1764, 1514]",0.379746835443038 0.3259493670886076 0.2120253164556962 0.5727848101265823 0.28797468354430383
"[897, 1537]",[1130],0.32558139534883723
"[1003, 1537]","[1514, 1764, 1135]",0.45161290322580644 0.47926267281105994 0.4101382488479262
"[1130, 1537]","[897, 4771, 1764, 1514, 875, 1135, 3324]",0.4909502262443439 0.19004524886877827 0.2330316742081448 0.19004524886877827 0.1515837104072398 0.32805429864253394 0.15837104072398192 0.22850678733031674
"[1130, 1537, 4771]",[1514],0.6965517241379311
"[1135, 1537]","[4771, 1764, 1514, 1130, 1003, 3324]",0.41106719367588934 0.5177865612648221 0.3320158102766798 0.30434782608695654 0.3517786561264822 0.2766798418972332 0.26482213438735175
"[1141, 1537]",[1514],0.47552447552447547
"[1514, 1537]","[897, 4771, 1764, 1130, 1003, 875, 1135, 3324]",0.22030456852791877 0.1847715736040609 0.132994923857868 0.13604060913705582 0.39390862944162436 0.10558375634517767 0.18375634517766495 0.132994923857868 0.10253807106598985
"[875, 1514, 1537]",[4771],0.5027624309392266
"[1130, 1514, 1537]",[4771],0.46543778801843316
"[1135, 1514, 1537]",[1764],0.5114503816793893
"[1514, 1537, 1764]","[4771, 1135]",0.4725274725274725 0.3681318681318681
"[1514, 1537, 3324]",[4771],0.5
"[1514, 1537, 4771]","[3324, 1130, 875, 1764]",0.22164948453608246 0.2345360824742268 0.2603092783505154 0.172680412371134
"[1537, 1764]","[4771, 1130, 1003, 1514, 875, 1135, 3324]",0.33226837060702874 0.268370607028754 0.5814696485623003 0.31309904153354634 0.36102236421725237 0.21405750798722042 0.2939297124600639 0.2747603833865815 0.21405750798722042
"[1135, 1537, 1764]",[1514],0.6442307692307692
"[1537, 3324]","[4771, 1764, 1514, 1130, 1135]",0.3660714285714286 0.5982142857142857 0.29910714285714285 0.41071428571428575 0.3125 0.29910714285714285
"[1537, 3935]",[1514],0.5590551181102362
"[1537, 4771]","[897, 1764, 1130, 1514, 875, 1135, 3324]",0.12424242424242424 0.18181818181818182 0.5878787878787879 0.1712121212121212 0.21969696969696967 0.11666666666666667 0.10303030303030301 0.13030303030303028 0.13787878787878788 0.15303030303030302 0.1015151515151515
"[1537, 1764, 4771]",[1514],0.7610619469026548
"[1537, 3324, 4771]",[1514],0.8170731707317072
"[1537, 11931]",[1514],0.532051282051282
[1563],"[1443, 1190, 648, 521, 909, 1266]",0.29209183673469385 0.10331632653061225 0.19260204081632654 0.15051020408163265 0.1288265306122449 0.13137755102040816
[1569],"[1185, 725, 1141, 1721, 730]",0.19765494137353432 0.14349525404801786 0.10273590173087661 0.14182021217197097 0.13847012841987716
"[725, 1569]",[730],0.4293478260869565
"[730, 1569]","[1185, 1067, 1141, 725, 1721]",0.2231638418079096 0.18644067796610173 0.24293785310734464 0.18644067796610173 0.18361581920903958
"[1067, 1569]",[730],0.42207792207792205
"[1141, 1569]","[1185, 730]",0.2568093385214008 0.2684824902723736
"[1185, 1569]","[730, 1141]",0.34677419354838707 0.2782258064516129
"[1569, 1721]",[730],0.2598425196850394
[1590],"[970, 725, 1141, 4118, 730]",0.12016021361815754 0.17222963951935916 0.11615487316421896 0.1041388518024032 0.14819759679572764
[1611],"[648, 1190]",0.2865979381443299 0.24123711340206186
[1615],"[1829, 1830, 869, 2218, 1067, 911, 726, 1721, 730]",0.126232741617357 0.12721893491124261 0.14299802761341224 0.11932938856015779 0.12721893491124261 0.10749506903353058 0.10650887573964499 0.126232741617357 0.1124260355029586
[1622],"[1185, 1721, 1141]",0.3133159268929504 0.2219321148825065 0.22454308093994776
[1628],"[1721, 1141]",0.18683651804670914 0.1804670912951168
[1721],"[1185, 910, 911, 1141, 726, 730]",0.1986607142857143 0.14955357142857142 0.12016369047619048 0.13058035714285715 0.13467261904761904 0.13988095238095238
"[722, 1721]",[911],0.6171428571428571
"[725, 1721]",[730],0.4590163934426229
"[726, 1721]","[1185, 910, 911, 1523, 1141, 730, 1052]",0.2808988764044944 0.1310861423220974 0.13670411985018727 0.1704119850187266 0.17790262172284643 0.17415730337078653 0.16853932584269662
"[730, 1721]","[1185, 1569, 970, 1067, 911, 725, 726, 1141]",0.26861702127659576 0.2712765957446809 0.24202127659574468 0.17819148936170212 0.17553191489361705 0.22340425531914893 0.2074468085106383 0.17819148936170212
"[910, 1721]","[1141, 726, 911]",0.373134328358209 0.17412935323383086 0.19402985074626866
"[911, 1721]","[1185, 1067, 910, 722, 726, 730]",0.31578947368421056 0.29411764705882354 0.2105263157894737 0.21671826625387 0.3343653250773994 0.20123839009287928
"[970, 1721]",[730],0.3544973544973545
"[1052, 1721]",[726],0.577639751552795
"[1067, 1721]","[730, 911]",0.2809917355371901 0.32231404958677684
"[1141, 1721]","[1185, 730, 726, 910]",0.22507122507122507 0.2222222222222222 0.2564102564102564 0.19088319088319086
"[1185, 1721]","[1569, 730, 726, 911]",0.27900552486187846 0.19337016574585636 0.18232044198895028 0.17955801104972377
"[1523, 1721]",[726],0.3967391304347826
"[1569, 1721]",[1185],0.2598425196850394
[1759],"[2979, 1190, 1018, 2812, 2557, 830, 543]",0.1510015408320493 0.15870570107858242 0.12018489984591678 0.10939907550077041 0.15870570107858242 0.1016949152542373 0.10939907550077041
[1764],"[1537, 1514, 1003, 1135, 3324]",0.1745652915103989 0.10671667234913058 0.21070576201841118 0.16808728264575518 0.15649505625639276
"[1135, 1764]","[1537, 4771, 1130, 875, 1003, 1514, 3324]",0.18052738336713997 0.2109533468559838 0.3184584178498986 0.13184584178498987 0.1440162271805274 0.48681541582150106 0.24949290060851928 0.1724137931034483 0.13590263691683568
[1778],[1185],0.3621621621621621
[1812],"[2419, 910]",0.2463054187192118 0.16995073891625614
[1824],"[648, 909, 1190]",0.12257495590828923 0.154320987654321 0.10758377425044091
[1829],"[869, 1830, 1067, 1615, 726, 730, 3647]",0.11355735805330244 0.12746234067207415 0.10081112398609503 0.10544611819235226 0.168018539976825 0.10081112398609503 0.10660486674391657
[1830],"[1829, 1067, 1615, 1523, 726, 730]",0.2128712871287129 0.11221122112211221 0.15016501650165018 0.11056105610561055 0.10726072607260727 0.14026402640264027
[1831],"[1185, 1721]",0.31203931203931207 0.17690417690417692
[1835],"[1537, 1514, 1764]",0.20121951219512196 0.3323170731707317 0.3414634146341463
[1917],"[2218, 1925]",0.18911174785100288 0.18911174785100288
[1925],[1917],0.24087591240875916
[1962],"[964, 910, 726, 824, 1721]",0.11818181818181818 0.1090909090909091 0.10404040404040404 0.11616161616161616 0.1494949494949495
[1977],"[1058, 2851, 2884, 485, 806, 482, 2218, 2413, 2414, 911, 3598, 954, 2845]",0.10696692470091484 0.1203377902885292 0.1238564391273751 0.12737508796622096 0.16748768472906403 0.13511611541168192 0.10837438423645321 0.13652357494722026 0.12878254750175933 0.10133708655876145 0.10696692470091484 0.12174524982406755 0.11400422237860662
"[722, 1977]",[911],0.5546875
"[911, 1977]",[722],0.41520467836257313
"[1058, 1977]",[2218],0.37500000000000006
"[1977, 2218]",[1058],0.3025210084033614
"[1977, 2413]",[2414],0.4585635359116022
"[1977, 2414]",[2413],0.471590909090909
[2021],"[482, 1058, 2884, 485, 806, 2218, 2413, 2414, 911, 722, 1977, 954, 2845]",0.1530398322851153 0.13626834381551364 0.13836477987421386 0.14675052410901468 0.15723270440251572 0.14046121593291402 0.1488469601677149 0.1488469601677149 0.16561844863731656 0.18658280922431866 0.20964360587002095 0.18029350104821804 0.14465408805031446
[2024],[910],0.13688610240334378
[2028],[897],0.16633663366336632
[2050],"[1977, 1058, 482, 2845]",0.21148036253776437 0.2447129909365559 0.21450151057401814 0.23867069486404832
[2067],"[1185, 897, 1141, 4118, 1721, 730]",0.17142857142857143 0.10931677018633541 0.13540372670807455 0.11428571428571428 0.10683229813664596 0.11180124223602485
[2190],"[1824, 1190, 648, 1266, 1462, 184]",0.10691003911342896 0.1473272490221643 0.12125162972620601 0.11342894393741852 0.13298565840938723 0.11082138200782268
[2218],"[482, 1058, 2851, 485, 869, 806, 1067, 911, 3217, 1977, 730, 1086]",0.11849281110560239 0.1531978185423897 0.12394645513138325 0.1259295984134854 0.11799702528507686 0.10857709469509173 0.10461080813088745 0.12295488349033218 0.10213187902825979 0.11502231036192365 0.1983143282102132 0.12890431333663857
"[482, 2218]",[1058],0.36290322580645157
"[485, 2218]","[1058, 2851, 869]",0.3818897637795276 0.27165354330708663 0.29527559055118113
"[722, 2218]",[911],0.5153374233128833
"[806, 2218]",[1058],0.32038834951456313
"[869, 2218]","[1058, 1067, 485]",0.21035598705501618 0.33333333333333337 0.24271844660194175
"[911, 2218]","[730, 722, 1067, 1058]",0.27599999999999997 0.33599999999999997 0.26799999999999996 0.264
"[954, 2218]",[2851],0.3885714285714285
"[1058, 2218]","[2753, 482, 2851, 2884, 485, 869, 806, 1067, 911, 3217, 1977]",0.24250000000000002 0.1625 0.2125 0.2 0.225 0.1875 0.2575 0.165 0.1625 0.18000000000000002 0.16749999999999998
"[1067, 2218]","[1058, 869, 911]",0.28870292887029286 0.2719665271966527 0.2719665271966527
"[2218, 2851]","[2753, 1058, 485, 954, 4059]",0.3269230769230769 0.2653846153846154 0.3153846153846154 0.25769230769230766 0.2615384615384615
"[2218, 2884]",[1058],0.3532608695652174
"[2218, 4059]","[2753, 2851]",0.42487046632124353 0.3367875647668394
[2223],"[584, 817, 850, 660, 1462, 1018, 2812, 830]",0.158953722334004 0.19919517102615694 0.15090543259557346 0.2776659959758551 0.14285714285714288 0.164989939637827 0.13078470824949698 0.1891348088531187
[2408],"[897, 1185, 1141, 1721, 1146, 730]",0.12885662431941924 0.31760435571687845 0.17604355716878406 0.1488203266787659 0.15789473684210528 0.19237749546279492
[2413],"[1058, 482, 2851, 2884, 806, 2218, 3598, 2414, 911, 722, 1977, 954, 2845]",0.16276202219482122 0.22318125770653516 0.14796547472256474 0.13810110974106043 0.1960542540073983 0.16892725030826142 0.11960542540073983 0.3353884093711467 0.16769420468557336 0.14796547472256474 0.11220715166461159 0.21085080147965476 0.16276202219482122 0.10234278668310727
"[911, 2413]","[722, 2414]",0.4327485380116959 0.43859649122807015
"[2413, 2414]","[1977, 2845, 911]",0.2830882352941177 0.2757352941176471 0.3051470588235294
"[2413, 2845]",[2414],0.4842767295597485
[2414],"[738, 1058, 482, 2021, 806, 2884, 2851, 2218, 2413, 3598, 911, 722, 1977, 954, 2845, 1086]",0.15776699029126215 0.16140776699029127 0.16626213592233008 0.10679611650485438 0.12135922330097086 0.16383495145631066 0.21359223300970875 0.15776699029126215 0.12378640776699029 0.10800970873786407 0.33009708737864074 0.19053398058252424 0.1941747572815534 0.10922330097087378 0.15048543689320387 0.1941747572815534 0.10072815533980581
"[911, 2414]",[2413],0.47770700636942676
[2419],"[1812, 910]",0.2028301886792453 0.2358490566037736
[2452],"[3906, 584, 1462, 1018, 3451, 2812, 830, 543]",0.1499227202472952 0.12158681092220505 0.21380731581658938 0.13858835651725915 0.1519835136527563 0.19268418341061305 0.1772282328696548 0.10613086038124678
"[543, 2452]","[584, 1462, 1018, 2812, 830]",0.3423728813559322 0.30169491525423725 0.3796610169491525 0.33220338983050846 0.23389830508474574 0.22372881355932203
"[660, 2452]","[1018, 2812, 1462]",0.42603550295857995 0.3905325443786983 0.3964497041420118
"[830, 2452]","[584, 1462, 1018, 2812, 543]",0.27137546468401486 0.3754646840148699 0.483271375464684 0.449814126394052 0.5836431226765799 0.24535315985130113 0.28624535315985133 0.34572490706319703 0.26394052044609667
"[543, 830, 2452]",[1018],0.6534653465346535
"[830, 2452, 2812]","[1018, 1462]",0.7153846153846154 0.5461538461538462
"[1462, 2452]","[3906, 584, 850, 660, 1463, 1018, 3451, 2812, 830, 543]",0.39036144578313253 0.3325301204819277 0.2457831325301205 0.23614457831325303 0.17349397590361448 0.29156626506024097 0.163855421686747 0.1855421686746988 0.1927710843373494 0.3686746987951807 0.21204819277108436 0.1855421686746988 0.19759036144578315 0.1710843373493976 0.1566265060240964
"[1462, 2452, 2812]","[584, 1018, 830]",0.6376811594202899 0.5942028985507247 0.5144927536231885
"[1463, 2452]","[584, 1462]",0.5714285714285714 0.4642857142857143
"[2452, 2812]","[584, 660, 1462, 1018, 830, 543]",0.5145348837209301 0.4011627906976744 0.2587209302325581 0.37790697674418605 0.37790697674418605 0.19186046511627908 0.2558139534883721 0.27034883720930236 0.23837209302325582 0.2063953488372093 0.2005813953488372
[2484],"[1266, 1190, 830]",0.10070921985815603 0.10141843971631206 0.13617021276595745
[2509],"[1185, 1141, 726, 1721, 730]",0.1084010840108401 0.1228545618789521 0.10207768744354109 0.13459801264679314 0.1056910569105691
[2557],"[2979, 1190, 1480, 2452, 1018, 2812, 830, 543]",0.15418023887079263 0.1270358306188925 0.15200868621064062 0.13463626492942454 0.10423452768729642 0.1248642779587405 0.11617806731813247 0.21715526601520085
"[830, 2557]",[1018],0.5564516129032258
[2697],"[2979, 1190]",0.15857605177993528 0.11488673139158577
[2727],"[1185, 1141]",0.23037974683544304 0.19240506329113924
[2753],"[738, 2851, 2884, 1058, 869, 485, 482, 2218, 1067, 911, 3217, 1977, 954, 4059]",0.11556064073226545 0.10755148741418764 0.2448512585812357 0.2379862700228833 0.1945080091533181 0.10297482837528604 0.30778032036613273 0.14759725400457666 0.14302059496567507 0.21395881006864986 0.12814645308924486 0.13272311212814644 0.13272311212814644 0.10297482837528604 0.11441647597254004
"[738, 2753]","[2851, 4059]",0.3894230769230769 0.3173076923076923
"[1058, 2753]",[2218],0.4411764705882353
"[2218, 2753]","[2851, 1058, 4059]",0.4010695187165776 0.3475935828877006 0.3582887700534759
"[2753, 2851]","[2218, 738, 4059]",0.30841121495327106 0.4672897196261682 0.3130841121495327
"[2753, 4059]","[2218, 738, 2851]",0.30111524163568776 0.241635687732342 0.37174721189591076
[2754],"[1721, 1141]",0.29629629629629634 0.2666666666666667
[2764],"[2840, 1266, 524]",0.22633744855967078 0.17078189300411523 0.1440329218106996
[2765],"[705, 726, 3647]",0.12132352941176472 0.12316176470588235 0.2095588235294118
[2795],"[648, 562, 1190]",0.13026819923371646 0.1839080459770115 0.13409961685823757
[2812],"[584, 817, 660, 2452, 1462, 1018, 830, 543]",0.21331521739130435 0.10869565217391305 0.22418478260869565 0.2803442028985507 0.11548913043478262 0.36865942028985504 0.15579710144927536 0.1431159420289855 0.11911231884057971 0.1721014492753623 0.11413043478260869 0.10190217391304349
"[543, 2812]","[584, 2452, 1462, 1018, 830]",0.37025316455696206 0.28164556962025317 0.4746835443037975 0.518987341772152 0.3259493670886076 0.3227848101265823 0.20569620253164558 0.2436708860759494 0.2246835443037975
"[830, 2812]","[3906, 584, 817, 850, 660, 2452, 1462, 1018, 3451, 543]",0.23263327948303716 0.11308562197092084 0.13731825525040386 0.2988691437802908 0.10662358642972537 0.17447495961227785 0.24232633279483037 0.210016155088853 0.6138933764135702 0.11631663974151858 0.11147011308562196 0.14701130856219707 0.16478190630048464 0.21324717285945075 0.15024232633279483 0.1147011308562197 0.1147011308562197 0.1583198707592892 0.1050080775444265
"[543, 830, 2812]","[1018, 1462]",0.68 0.4733333333333334
"[1190, 2812]",[1018],0.4527027027027027
"[1462, 2812]","[3906, 584, 817, 850, 4817, 2452, 660, 1463, 1018, 830, 543]",0.2484076433121019 0.19745222929936307 0.39278131634819535 0.2929936305732484 0.18471337579617836 0.5583864118895966 0.23779193205944799 0.535031847133758 0.21443736730360935 0.18259023354564757 0.1380042462845011 0.1932059447983015 0.28025477707006374 0.18683651804670914 0.1507430997876858 0.15286624203821658 0.17409766454352443 0.1507430997876858 0.1380042462845011 0.15286624203821658 0.2929936305732484 0.1634819532908705 0.1507430997876858 0.1380042462845011
"[543, 1462, 2812]","[584, 1018, 830]",0.5555555555555556 0.6581196581196582 0.6068376068376069
"[1462, 1463, 2812]",[584],0.702970297029703
"[1463, 2812]","[584, 1018, 1462]",0.39153439153439157 0.5978835978835979 0.5343915343915344 0.3756613756613757
[2832],"[2413, 2845]",0.29130434782608694 0.2869565217391305
[2840],"[1824, 1190, 648, 2856, 2764, 524, 1266, 1462]",0.11660777385159012 0.12014134275618374 0.1254416961130742 0.196113074204947 0.14664310954063603 0.12367491166077739 0.15901060070671377 0.23498233215547706
[2843],"[897, 1185, 970, 1141, 4118, 730]",0.10966810966810966 0.1313131313131313 0.11255411255411253 0.10822510822510822 0.11255411255411253 0.1688311688311688
[2844],"[648, 1268, 1190]",0.20618556701030927 0.1984536082474227 0.24226804123711337
[2845],"[1058, 2851, 482, 2884, 806, 2218, 2413, 3598, 911, 2414, 1977, 954]",0.16775599128540306 0.16775599128540306 0.20588235294117646 0.19281045751633985 0.11982570806100218 0.17320261437908496 0.12527233115468409 0.12200435729847495 0.14814814814814814 0.1655773420479303 0.14379084967320263 0.17429193899782136
"[2414, 2845]",[2413],0.48125
[2846],[1185],0.3473684210526316
[2851],"[954, 2753, 738, 1058, 2884, 869, 485, 482, 2218, 1067, 2414, 911, 3217, 1977, 730, 4059, 1086]",0.11402027027027027 0.10135135135135136 0.18074324324324326 0.13091216216216214 0.12077702702702704 0.20861486486486489 0.13766891891891894 0.10641891891891891 0.16300675675675677 0.19763513513513514 0.15456081081081083 0.10388513513513514 0.11824324324324324 0.2195945945945946 0.10472972972972973 0.14780405405405406 0.13175675675675674
"[485, 2851]",[2218],0.39428571428571424
"[2851, 4059]","[2753, 2218]",0.3319838056680162 0.4048582995951417
[2856],"[1190, 524, 1266, 1462, 2840]",0.15022421524663676 0.21300448430493274 0.24887892376681614 0.2600896860986547 0.1547085201793722
[2859],[184],0.13608562691131498
[2884],"[482, 2851, 1058, 485, 869, 806, 2218, 2413, 2414, 911, 1977, 954, 2845, 1086]",0.15217391304347827 0.11264822134387352 0.12944664031620554 0.11462450592885375 0.1383399209486166 0.11660079051383399 0.15217391304347827 0.16106719367588931 0.11561264822134386 0.12944664031620554 0.15810276679841895 0.13043478260869565 0.1590909090909091 0.18181818181818182
[2887],[2414],0.23711340206185566
[2898],[184],0.1087360594795539
[2909],"[897, 1537, 1185, 1130, 2926]",0.10380116959064328 0.15935672514619884 0.12719298245614036 0.24561403508771928 0.10964912280701754
[2921],"[1721, 1185, 1141]",0.12248995983935743 0.15160642570281124 0.11847389558232932
[2926],"[1185, 1130, 2909]",0.12347052280311457 0.18687430478309233 0.15016685205784203
[2933],"[1130, 910, 1141, 4118, 726, 1721, 11931, 3935]",0.11610878661087866 0.1589958158995816 0.100418410041841 0.1098326359832636 0.13807531380753138 0.11401673640167365 0.12343096234309624 0.17573221757322174
[2952],"[1185, 1067, 1141, 4118, 730]",0.10884353741496598 0.10612244897959183 0.12653061224489798 0.21360544217687075 0.12108843537414965
[2979],"[2557, 1190, 543]",0.12459283387622151 0.13680781758957655 0.16286644951140064
[3002],"[1185, 1141]",0.24871794871794872 0.17435897435897435
[3009],"[730, 1141, 725, 4118]",0.13026315789473683 0.12631578947368421 0.10526315789473685 0.11578947368421054
[3031],"[2452, 660, 1462, 1018, 2812, 830, 543]",0.15841584158415842 0.12305516265912306 0.13578500707213578 0.14144271570014144 0.11173974540311173 0.1895332390381895 0.19519094766619519
[3043],[897],0.16179775280898878
[3045],[910],0.2923076923076923
[3059],[1764],0.46341463414634143
[3077],"[3906, 584, 817, 850, 2452, 660, 1462, 3031, 1018, 2812, 830]",0.1419558359621451 0.12145110410094638 0.12302839116719241 0.13564668769716087 0.16561514195583593 0.10567823343848579 0.11041009463722397 0.10567823343848579 0.14826498422712933 0.13722397476340695 0.2003154574132492
[3082],"[648, 1190]",0.18309859154929578 0.23380281690140842
[3109],[730],0.2485207100591716
[3133],[897],0.35000000000000003
[3143],"[1462, 1018, 3451, 830, 543]",0.15672913117546847 0.11754684838160134 0.15502555366269163 0.1431005110732538 0.11243611584327087
[3153],[1141],0.39069767441860465
[3214],"[648, 1190]",0.32209737827715357 0.7378277153558053 0.2808988764044944
"[1190, 3214]",[648],0.872093023255814
[3217],"[2753, 1058, 2851, 1442, 485, 869, 2218, 1067, 730, 4059, 1086]",0.1268796992481203 0.1343984962406015 0.18139097744360902 0.14755639097744358 0.1983082706766917 0.10526315789473684 0.162593984962406 0.12124060150375938 0.12875939849624057 0.11842105263157893 0.10338345864661652
"[1058, 3217]",[2218],0.41450777202072536
"[2218, 3217]",[1058],0.37914691943127965
[3324],"[1537, 897, 4771, 1764, 1514, 1003, 875, 1130, 1135]",0.3388484447385837 0.1773659827928524 0.16876240900066183 0.18795499669093318 0.14824619457313037 0.13103904698874919 0.11912640635340835 0.13368630046326938 0.18067504963600267 0.10390469887491728 0.1085373924553276
"[1003, 1764, 3324]",[1135],0.5182926829268293
"[1135, 3324]","[1537, 1764, 1130, 1003, 1514]",0.2686567164179105 0.585820895522388 0.28731343283582095 0.45895522388059706 0.2611940298507463 0.31716417910447764
"[1514, 1764, 3324]",[4771],0.4850746268656717
"[1764, 3324]","[1537, 897, 4771, 1514, 875, 1003, 1130, 1135, 3568]",0.138671875 0.26171875 0.306640625 0.3203125 0.162109375 0.177734375 0.1796875 0.189453125 0.1484375 0.166015625 0.126953125
"[1135, 1764, 3324]",[1003],0.5414012738853503
"[1764, 3324, 4771]",[1514],0.7142857142857143
[3326],[1764],0.3497757847533632
[3360],"[897, 3373]",0.22237762237762235 0.31608391608391606
"[897, 3360]",[3373],0.4088050314465409
"[3360, 3373]",[897],0.28761061946902655
[3370],"[897, 1130, 780]",0.10669456066945607 0.11366806136680614 0.10320781032078102
[3372],"[584, 1489, 850, 660, 1462, 3451]",0.162 0.186 0.13 0.25 0.19799999999999998 0.14400000000000002
[3373],"[3360, 897]",0.2477396021699819 0.4086799276672694 0.11754068716094032
[3401],[830],0.19284294234592447
[3451],"[3906, 850, 2452, 1462, 184]",0.1043441226575809 0.11925042589437819 0.10051107325383304 0.1043441226575809 0.15417376490630322
"[828, 3451]",[850],0.47305389221556887
"[830, 3451]","[1018, 2812]",0.31884057971014496 0.4444444444444444
"[1462, 3451]","[3906, 584, 850, 2452, 1018]",0.3571428571428571 0.30357142857142855 0.3142857142857143 0.24285714285714283 0.2785714285714285
"[2452, 3451]","[1018, 1462]",0.28813559322033894 0.28813559322033894
"[2812, 3451]","[1018, 830]",0.38823529411764707 0.5705882352941176
[3486],"[850, 3451]",0.1120401337792642 0.17391304347826086
[3568],"[1537, 4771, 1764, 1514, 875, 1003, 1130, 1135, 3324]",0.11848341232227488 0.18838862559241706 0.1066350710900474 0.14336492890995262 0.1528436018957346 0.10781990521327015 0.10900473933649289 0.1457345971563981 0.24052132701421802
"[1003, 3568]",[1764],0.4842767295597485
"[1764, 3568]","[1003, 3324]",0.3497536945812808 0.37931034482758624
"[3324, 3568]",[1764],0.5772357723577236
[3598],"[482, 2851, 1058, 2884, 806, 2218, 2413, 2414, 1977, 954, 2845]",0.11549295774647887 0.17183098591549295 0.1408450704225352 0.11971830985915492 0.13661971830985917 0.27323943661971833 0.14366197183098592 0.16197183098591547 0.1408450704225352 0.1591549295774648 0.12253521126760564
[3638],"[1721, 1141, 4118]",0.19823788546255505 0.14977973568281938 0.17841409691629956
[3647],"[4613, 726]",0.10072463768115943 0.1246376811594203
[3719],[897],0.15904139433551198
[3794],[1141],0.3105590062111801
[3813],[2067],0.18309859154929575
[3821],"[4001, 1443, 1190, 648, 660]",0.18242491657397109 0.1646273637374861 0.1657397107897664 0.10011123470522804 0.16017797552836488
[3865],"[1185, 1141]",0.2140266021765417 0.11850060459492141
[3905],"[3906, 584, 850, 2898, 1462, 184, 1018, 3451, 830]",0.18523489932885906 0.10604026845637585 0.14630872483221477 0.11409395973154363 0.11275167785234899 0.11006711409395974 0.11543624161073826 0.20134228187919465 0.10469798657718121
"[1462, 3905]",[584],0.45999999999999996
[3906],"[584, 4817, 850, 2452, 1462, 1463, 1018, 3451, 2812, 830, 543]",0.160445317616241 0.20497707924034056 0.15782580222658807 0.14996725605762934 0.14996725605762934 0.1054354944335298 0.2927308447937132 0.13359528487229863 0.1349050425671251 0.13097576948264572 0.21741977734119186 0.13097576948264572 0.10085134250163721
"[543, 3906]",[1462],0.41000000000000003
"[830, 3906]","[1018, 2812, 1462]",0.4585152838427947 0.37117903930131 0.4017467248908297
"[1018, 3906]","[584, 4817, 2452, 1462, 2812, 830]",0.4585152838427947 0.6026200873362445 0.4890829694323144 0.33624454148471616 0.32751091703056767 0.314410480349345 0.3231441048034934
"[1018, 1462, 3906]","[584, 2812]",0.5217391304347827 0.536231884057971
"[1018, 2812, 3906]",[1462],0.6428571428571429
"[1462, 3906]","[584, 4817, 850, 2452, 1463, 1018, 3451, 2812, 830, 543]",0.18344519015659955 0.22147651006711408 0.21029082774049215 0.2058165548098434 0.22818791946308725 0.44742729306487694 0.3087248322147651 0.1901565995525727 0.2505592841163311 0.34451901565995524 0.15659955257270694 0.16778523489932884 0.16107382550335572 0.16554809843400445 0.16107382550335572
"[1462, 1463, 3906]",[584],0.7070707070707072
"[1463, 3906]","[584, 1462]",0.6149068322981366 0.6086956521739131 0.43478260869565216
"[2452, 3906]","[584, 1018, 1462]",0.3883495145631068 0.49514563106796117 0.3737864077669903
"[2812, 3906]","[584, 1018, 1462, 830]",0.41666666666666663 0.5049019607843137 0.5490196078431372 0.5490196078431372 0.35294117647058826 0.35294117647058826
"[1462, 2812, 3906]","[584, 1018]",0.6428571428571429 0.6428571428571429
"[3451, 3906]",[1462],0.3469387755102041
[3914],[3905],0.14977973568281938
[3935],"[897, 1130, 1067, 1141, 4118, 11931]",0.10533807829181495 0.16441281138790034 0.14163701067615658 0.11174377224199288 0.23345195729537369 0.10177935943060498
[4001],"[648, 3821]",0.4293193717277487 0.17015706806282724
[4017],[2572],0.14419225634178906
[4037],"[3906, 830]",0.20042643923240935 0.1833688699360341
[4059],"[2753, 738, 2851, 1058, 869, 485, 2218, 1067, 3217, 1977, 954, 1086]",0.11122345803842264 0.10212335692618807 0.13447927199191104 0.11830131445904954 0.19514661274014156 0.27199191102123355 0.24974721941354902 0.1051567239635996 0.13852376137512637 0.13043478260869565 0.11627906976744184 0.15672396359959553 0.10111223458038422
[4118],"[897, 1130, 1067, 1141, 730, 11931, 3935]",0.1232876712328767 0.12278031456113647 0.17858954845256217 0.1537290715372907 0.106544901065449 0.10096397767630644 0.1537290715372907
"[3935, 4118]",[1130],0.3618090452261307
[4161],"[730, 10431]",0.15175718849840256 0.15814696485623
[4213],[1266],0.16194331983805668
[4321],[2484],0.14007782101167318
[4426],[1764],0.2222222222222222
[4517],[897],0.1520912547528517
[4613],"[730, 725, 3647]",0.14660831509846825 0.18818380743982496 0.1312910284463895
[4676],"[1537, 4771, 1764, 1514, 875]",0.23029045643153528 0.26556016597510373 0.13900414937759337 0.2219917012448133 0.13692946058091288 0.15145228215767634
[4678],"[1514, 4771]",0.3319327731092437 0.31932773109243695
[4771],"[1537, 1764, 1514, 875, 1130, 3324]",0.45383324006715164 0.161723559037493 0.3693340794627868 0.12646894236149972 0.14493564633463904 0.11303861219921656 0.217123670956911
"[1003, 4771]",[1514],0.6068376068376069
"[1135, 4771]","[1537, 1514, 1764]",0.48872180451127817 0.5789473684210527 0.5864661654135337
"[1141, 4771]",[1514],0.5267175572519084
"[1764, 4771]","[1537, 1514, 3324, 1135]",0.6254826254826256 0.250965250965251 0.4362934362934363 0.35135135135135137 0.3320463320463321 0.250965250965251
"[3324, 4771]","[1537, 1130, 1514, 1764]",0.40594059405940597 0.3217821782178218 0.6336633663366337 0.4504950495049505 0.3217821782178218 0.33168316831683164
"[4676, 4771]",[1514],0.6576576576576576
"[4771, 11931]",[1514],0.582089552238806
[4772],[3935],0.16846652267818574
[4817],"[3906, 584, 850, 2452, 1462, 1463, 1018, 3451, 2812, 830, 543]",0.3365591397849462 0.17311827956989248 0.23333333333333334 0.3387096774193548 0.13548387096774192 0.1075268817204301 0.14408602150537633 0.12043010752688171 0.12043010752688171 0.15376344086021507 0.13870967741935483 0.14623655913978492 0.11720430107526882 0.16559139784946236
"[850, 4817]",[1462],0.5174825174825174
"[1018, 4817]","[3906, 2812, 1462]",0.5714285714285714 0.4472049689440994 0.4658385093167702
"[1462, 4817]","[3906, 584, 850, 1018, 2812]",0.4317460317460317 0.2920634920634921 0.2349206349206349 0.20634920634920634 0.48888888888888893 0.23809523809523808
"[2812, 4817]","[584, 1018, 1462]",0.5581395348837209 0.5116279069767442 0.5038759689922481
"[3906, 4817]","[584, 1018, 1462]",0.34824281150159747 0.23961661341853036 0.49201277955271566 0.23961661341853036
"[1462, 3906, 4817]",[584],0.48701298701298695
[10431],"[897, 4161, 1130, 1067, 1141, 4118, 730, 11931]",0.11390728476821192 0.10993377483443707 0.2304635761589404 0.10331125827814568 0.1324503311258278 0.10331125827814568 0.1682119205298013 0.13112582781456952
[11103],"[1003, 1764]",0.19020172910662828 0.22190201729106632
[11119],[1141],0.14028776978417265
[11257],"[909, 1190]",0.10367892976588629 0.1527313266443701
[11931],"[897, 1537, 1514, 1130, 1141, 4118, 3935]",0.11900065746219593 0.1111111111111111 0.11768573307034845 0.10256410256410256 0.15187376725838264 0.1380670611439842 0.19000657462195925
"[3935, 11931]",[1130],0.4069264069264069
"[4118, 11931]",[1130],0.3523809523809524
[12584],"[648, 1190]",0.3045454545454545 0.1840909090909091
[12606],"[1130, 11931, 3935]",0.19662921348314605 0.19101123595505617 0.16292134831460675
[12650],"[817, 850, 1462, 856, 1018, 3451, 2812, 830]",0.12416107382550336 0.11409395973154361 0.14093959731543623 0.14597315436241612 0.14429530201342283 0.13087248322147652 0.1593959731543624 0.13758389261744966
