A,B,lift
"[1537, 1764]","[1135, 1514]",59.12754047305823
"[1135, 1514]","[1537, 1764]",59.12754047305823
[1925],[1917],58.80870154513418
[1917],[1925],58.80870154513418
[2419],[1812],57.64327300785634
[1812],[2419],57.64327300785634
"[584, 830]","[1462, 2812]",54.049157519085696
"[1462, 2812]","[584, 1018]",52.48418056543849
"[584, 1018]","[1462, 2812]",52.48418056543849
"[584, 4817]","[1462, 3906]",50.83119413602202
"[738, 4059]",[2753],49.20097015614894
[3373],[3360],48.744967191601056
[3360],[3373],48.744967191601056
"[1462, 4817]","[584, 3906]",47.146442914515205
"[584, 3906]","[1462, 4817]",47.146442914515205
"[1003, 3324]","[1135, 1764]",44.44962812711291
"[1018, 3906]","[1462, 2812]",43.88462715211526
"[830, 2452]","[543, 1018]",43.012698884758365
"[2414, 2845]",[2413],42.40999497319035
"[911, 2414]",[2413],42.09776984682639
"[1977, 2414]",[2413],41.55879082378747
"[2413, 2845]",[2414],41.026851131427094
"[584, 830]","[1018, 1462]",40.86767067530065
"[2812, 3906]","[1018, 1462]",40.35253196930946
[3214],"[648, 1190]",39.930150631681244
"[584, 2452]","[1462, 2812]",39.33111534280357
[4001],[3821],39.25979171218411
[3821],[4001],39.25979171218411
"[1977, 2413]",[2414],38.848486358717324
"[830, 1462]","[584, 1018]",38.28749714000458
"[584, 1018]","[830, 1462]",38.28749714000458
"[1135, 1537]","[1514, 1764]",37.92956848967079
"[584, 3906]","[1462, 1463]",37.76854010045632
"[543, 2812]","[830, 1462]",37.58504042258512
"[911, 2413]",[2414],37.156922589980105
"[830, 2452]","[1462, 2812]",36.840156591606885
"[1463, 3906]","[584, 1462]",36.78641374293549
"[830, 1462]","[543, 1018]",36.13245801526717
"[543, 1018]","[830, 1462]",36.13245801526717
"[2452, 2812]","[584, 1018]",35.930303846397564
"[2753, 2851]",[4059],35.63815946397207
"[738, 2851]",[2753],35.434103715802365
"[1190, 3214]",[648],35.13006583447332
"[2452, 2812]","[830, 1462]",34.52579294632819
"[1018, 2452]","[830, 1462]",34.439979045053136
[2856],[2840],33.831497399093166
[2840],[2856],33.831497399093166
"[1135, 3324]","[1003, 1764]",33.73898106554606
"[2851, 4059]",[2753],33.690872751499
"[584, 830]","[1018, 2812]",33.67984735218777
"[864, 911]",[722],33.597612509534706
[2844],[1268],33.2661593831635
"[1018, 2452]","[1462, 2812]",32.841763456975144
[3372],[1489],32.82533234269645
[1489],[3372],32.82533234269645
"[830, 2452]","[1018, 1462]",32.727053499272664
"[1018, 1462]","[584, 2812]",31.87442424242424
"[584, 2812]","[1018, 1462]",31.87442424242424
"[1463, 2812]","[584, 1462]",31.784240022335265
[3214],[648],31.490665363367572
[2414],[2413],30.88905779276416
[2413],[2414],30.88905779276416
"[830, 1462]","[584, 2812]",30.75246613719896
[864],"[722, 911]",30.610784477246824
"[584, 3906]","[1462, 2812]",30.26981812600721
"[2753, 2851]",[738],30.08199062647328
"[2812, 3906]","[584, 1462]",29.861912332500566
"[738, 2753]",[4059],29.699608468677493
"[584, 1463]","[1462, 3906]",29.66862013164936
"[584, 1018]","[1462, 3906]",29.65476168705692
"[584, 1462, 3906]",[4817],29.41870525059666
"[2753, 4059]",[738],29.370351780966985
"[2452, 2812]","[1018, 1462]",29.247765419615778
"[1003, 1764, 3324]",[1135],28.94909028741944
"[543, 1018]","[830, 2812]",28.887806138933765
"[543, 1018]","[1462, 2812]",28.659912243453647
"[584, 1463]","[1462, 2812]",28.559083928363833
"[584, 1018]","[830, 2812]",28.35996355200662
"[830, 2452]","[1018, 2812]",27.921745841820194
[651],[1463],27.888516579406634
"[543, 2812]","[1018, 1462]",27.859422124380846
"[1018, 3906]","[584, 1462]",27.34081929715117
[2832],[2413],27.306234187969643
"[875, 1514]","[1537, 4771]",27.22008827008827
"[830, 1462]","[1018, 2812]",27.126469981431814
"[543, 2812]","[830, 1018]",27.066576788943426
"[1462, 3906]",[4817],27.027475666469115
"[1003, 3324]",[1135],26.941686241191466
"[875, 4771]","[1514, 1537]",26.874044292709222
"[584, 1462, 4817]",[3906],26.79543824181557
[1427],[940],26.59566664898132
[940],[1427],26.59566664898132
"[1018, 2452]","[830, 2812]",26.409306886214612
"[2218, 4059]",[2851],26.055419147784395
"[1462, 1463, 3906]",[584],25.98297113109858
[4059],[2753],25.968940350671094
[2753],[4059],25.968940350671094
"[1003, 1135]","[1764, 3324]",25.92406936609264
"[722, 864]",[911],25.88867272449423
"[1462, 1463, 2812]",[584],25.832291949150203
"[584, 3906]",[4817],25.756135520602697
[2832],[2845],25.72026604068858
"[1018, 3906]",[4817],25.693192358599703
[2753],[738],25.681042707433427
[738],[2753],25.681042707433427
"[584, 3906]","[1018, 1462]",25.483677317967523
"[584, 1018, 2452]",[2812],25.06841116330478
"[660, 1018]","[830, 2812]",24.9257030760608
"[1135, 1764, 3324]",[1003],24.92455262359721
"[584, 830, 1018]",[2812],24.791218855218855
"[543, 830]","[1018, 1462]",24.761780981167167
[659],[660],24.650554947769624
"[584, 4817]",[3906],24.406487035125902
"[1018, 1462]","[830, 2812]",24.381012853831567
"[830, 2812]","[1018, 1462]",24.381012853831567
"[1537, 3324]","[1514, 4771]",24.246119209089308
"[2218, 2851]",[4059],24.053016241299304
[2926],[2909],24.022498890715944
[2909],[2926],24.022498890715944
"[806, 911]",[722],23.88914860392257
"[954, 2218]",[2851],23.829360341151386
"[1462, 4817]",[3906],23.7546522131888
"[1514, 4676]",[4771],23.7447207488917
"[1462, 2812, 3906]",[584],23.623293140621254
"[584, 1462, 3906]",[1463],23.599333333333334
"[1130, 1514]","[1537, 4771]",23.560574125328227
"[1462, 2812]","[830, 1018]",23.50029247367737
"[1514, 3324]","[1537, 4771]",23.498970337174562
"[875, 1537]","[1514, 4771]",23.34370366323807
"[1130, 4771]","[1514, 1537]",23.325104947921243
[1563],[1443],23.18145968452238
[1443],[1563],23.18145968452238
"[2413, 2414]",[2845],23.147392632426104
"[722, 1721]",[911],23.130894282456424
"[722, 2413]",[911],23.113046370201445
"[1003, 1537]",[1135],22.908155155065014
"[1537, 3324, 4771]",[1514],22.80900523017969
"[2753, 4059]",[2851],22.797605836986072
"[660, 2812]","[830, 1018]",22.689720888355343
"[2452, 2812]","[830, 1018]",22.669646565021356
"[1018, 4817]",[3906],22.634655906129925
"[1003, 1130]",[1135],22.460097189069153
"[830, 2452, 2812]",[1018],22.44873508353222
"[1135, 1764]",[1003],22.411577206947687
"[830, 1462, 2812]",[1018],22.39001999612978
"[780, 822]",[823],22.388901035140975
"[1463, 3906]",[584],22.36794906068486
"[1003, 1514]",[1135],22.341886151231947
"[1537, 1764]","[1514, 4771]",22.272530658714246
"[2218, 2851]",[954],22.21421188630491
"[584, 830, 1462]",[2812],22.19825974025974
"[1764, 4771]","[1514, 1537]",22.16148011681007
"[3324, 4771]","[1514, 1537]",22.137241795245515
[1830],[1615],22.039296350774702
"[543, 830]","[1018, 2812]",22.02624525351798
"[722, 806]",[911],22.012425114477566
"[2218, 2753]",[2851],21.97225935828877
"[1463, 2812]",[584],21.970634772758864
"[1462, 2452, 2812]",[584],21.83537884495427
"[584, 1018, 1462]",[2812],21.81880230880231
[2887],[2414],21.730583873069406
"[911, 2413]",[722],21.70047417042479
"[1003, 1764]",[1135],21.69115160313781
[1135],"[1003, 1764]",21.69115160313781
"[543, 1462]","[830, 2812]",21.668296102352702
"[584, 1018, 3906]",[1462],21.64688345436423
"[2218, 2851]",[2753],21.444240506329113
[4161],[10431],21.41132948205074
"[584, 830, 2812]",[1018],21.35580084858128
"[543, 830, 2812]",[1018],21.33836754176611
"[1537, 1764, 4771]",[1514],21.245423970839674
"[875, 1537, 4771]",[1514],21.169253361641896
"[1135, 3324]",[1003],21.128974350934403
[3914],[3905],21.04801544328829
"[584, 1018]",[2812],20.937365087228848
"[875, 1514, 1537]",[4771],20.932302072435522
"[584, 830]",[2812],20.92667366675877
"[911, 1977]",[722],20.820725217569734
"[1514, 1537, 3324]",[4771],20.817289423685875
"[722, 1977]",[911],20.790029040763972
"[722, 910]",[911],20.762643249140712
"[660, 1190]",[648],20.7336270905421
"[722, 1067]",[911],20.656930263294285
"[543, 1462, 2812]",[1018],20.65176345796871
"[722, 726]",[911],20.577592952802554
"[1514, 1537, 1764]",[1135],20.561900716106326
"[543, 830, 2452]",[1018],20.505711382594104
"[875, 1003]",[1135],20.31080559202904
[1442],[1086],20.27824191864005
"[3906, 4817]","[584, 1462]",20.27366252605869
"[830, 1018, 2452]",[2812],20.22967325667963
"[543, 1018, 2812]",[830],20.221412028660346
"[726, 910]",[1052],20.214627246590716
"[482, 722]",[911],20.181870011402513
"[1462, 2812, 3906]",[1018],20.17282645755199
"[2452, 2812]","[584, 1462]",20.168365209062884
[3813],[2067],20.118716086582943
"[660, 830]","[1018, 2812]",20.11783411241895
"[584, 1463, 3906]",[1462],20.058888143040214
"[660, 830, 2812]",[1018],20.04830283744365
"[830, 1462, 2452]",[2812],20.039115595148655
"[1462, 1463]",[584],20.02580102747185
"[910, 1052]",[726],20.024672555589397
"[1462, 2452, 2812]",[1018],20.0104043443672
"[830, 1462, 2452]",[1018],19.969060533738336
"[584, 3906]",[1463],19.903052208835337
"[543, 830, 1462]",[1018],19.857626044152745
"[1018, 1463]",[584],19.73011805928099
"[543, 1462, 2812]",[830],19.730025277503024
"[1018, 1462, 3906]",[584],19.7050979820319
"[1514, 1537, 1764]",[4771],19.673482312494347
"[1462, 2812]",[584],19.660999811302617
"[584, 2812, 3906]",[1462],19.63044587202382
[2050],[2845],19.613129454080948
"[817, 1462]",[1463],19.60328008519702
"[722, 869]",[911],19.579426130465123
"[951, 1190]",[648],19.573878935376968
"[543, 1462]","[830, 1018]",19.517582248416605
"[830, 1018, 1462]",[2812],19.51495361781076
"[738, 2753]",[2851],19.45907182835821
"[1130, 1537, 4771]",[1514],19.444588915733217
"[1130, 1514, 1537]",[4771],19.37830628379976
[521],[1563],19.375575714585437
"[1052, 1721]",[726],19.37480352389403
"[875, 1514, 4771]",[1537],19.337213211194218
"[584, 3906, 4817]",[1462],19.322782156139656
"[722, 2218]",[911],19.315163937293196
[864],[722],19.302110953712784
"[1018, 1462, 2812]",[584],19.281876783979836
"[830, 2812]",[1018],19.263944849071375
"[1130, 1514, 4771]",[1537],19.223794647897925
"[730, 911]",[722],19.173352178399963
"[543, 1018, 2452]",[830],19.159363077575243
"[584, 2452]","[1018, 2812]",19.14996580460498
"[869, 1058]",[2218],19.14100802804161
"[910, 911]",[722],19.114941356835914
"[822, 823]",[780],19.10335141418055
"[2218, 2753]",[1058],19.037336628120233
"[722, 1058]",[911],19.028620296465224
"[660, 830, 1018]",[2812],19.00347297863427
"[584, 1462, 2812]",[1463],18.99719576719577
"[543, 830, 1462]",[2812],18.943226461038964
"[722, 730]",[911],18.885581572131915
"[482, 911]",[722],18.87203398866498
"[584, 830, 1462]",[1018],18.827971360381863
"[1003, 1135, 3324]",[1764],18.82750615736576
"[2812, 4817]",[584],18.800967150675316
"[1514, 3324]",[4771],18.764880607266143
"[543, 2452]","[830, 1018]",18.76040297474922
"[543, 1018, 1462]",[830],18.677599595934083
"[543, 1018, 1462]",[2812],18.649929078014182
"[726, 911]",[722],18.63822117818594
"[485, 722]",[911],18.605485508970247
"[485, 911]",[722],18.60243350311262
[2979],[2557],18.59130712660646
[2557],[2979],18.59130712660646
"[1537, 1764]",[1135],18.55875526939395
"[2812, 3906]",[584],18.553806486261358
"[1018, 1462, 2452]",[2812],18.551252204585538
[2851],[954],18.540285491148907
[954],[2851],18.540285491148907
"[1130, 1537]","[1514, 4771]",18.523137738449265
"[869, 911]",[722],18.47472800995624
"[830, 1462]",[1018],18.444704767804115
"[817, 1462]",[584],18.432374271595855
"[543, 830, 1018]",[2812],18.430789527932387
"[4676, 4771]",[1514],18.358841644191962
"[830, 2452]",[1018],18.314693330730805
"[897, 4771]",[1514],18.308216836242313
"[584, 1462, 2452]",[2812],18.303240811476105
"[780, 824]",[823],18.271091674500347
"[875, 1514]",[4771],18.25419973488371
"[780, 823]",[822],18.19649056861673
[4817],[3906],18.14842028763095
[3906],[4817],18.14842028763095
"[485, 2218]",[1058],18.126942209841097
"[856, 1018]",[2812],18.12102835939571
"[830, 1462, 2812]",[584],18.075720997688578
"[1018, 2812, 3906]",[1462],18.052999328736192
"[875, 4771]",[1514],18.03390639385228
"[584, 830]",[1018],18.02678108972731
"[2218, 3217]",[1058],17.996749191575272
"[1135, 1537, 1764]",[1514],17.984023354564755
"[817, 1018]",[2812],17.974299384825702
"[1135, 4771]",[1537],17.961575718437196
"[1514, 11931]",[4771],17.941973204944734
"[485, 1058]",[2218],17.936760238523853
"[2812, 3451]",[1018],17.905031587814122
"[1018, 1463]",[1462],17.904913577344622
"[1462, 3906, 4817]",[584],17.896434197440346
"[875, 1135]",[1003],17.888707482993198
"[911, 1067]",[722],17.882838089469196
"[543, 1462]","[1018, 2812]",17.869951848400124
"[584, 861]",[1462],17.82155061939342
"[1018, 1462, 3906]",[2812],17.818001129305475
"[584, 3905]",[1462],17.776959583648484
"[584, 830, 2812]",[1462],17.746544093217523
"[850, 3451]",[828],17.733983705413543
"[1141, 1514]",[4771],17.733246546102784
"[584, 2452, 2812]",[1462],17.71354122170013
"[3324, 4771]",[1514],17.689029030291564
"[1003, 1135, 1764]",[3324],17.65221443012383
"[584, 1463, 2812]",[1462],17.644721074497323
[524],[1266],17.620074675894198
"[584, 4817]",[1462],17.600056693248188
[4059],[2851],17.57240515808429
[2851],[4059],17.57240515808429
"[1462, 2812]",[1018],17.52213895180619
"[1003, 3324]",[1764],17.521958671574723
"[2812, 4817]",[1018],17.514391963145915
"[1764, 4771]",[3324],17.511894760567998
"[584, 830, 1018]",[1462],17.473520337937252
"[1764, 3568]",[1003],17.46235390708007
"[830, 2557]",[1018],17.46142505196705
"[1764, 4771]",[1514],17.460659567665935
"[1537, 3324]",[1135],17.45459855564996
"[817, 830]",[2812],17.449502322495025
"[1764, 3568]",[3324],17.432265076169813
[2413],[2845],17.427638950022008
"[584, 1462]",[1463],17.355641355641357
[1463],"[584, 1462]",17.355641355641357
"[584, 817]",[1463],17.344480171489817
"[1514, 3935]",[1537],17.34442780542003
[2021],[2414],17.33306375162934
"[817, 1463]",[584],17.29286818136981
"[1463, 3906]",[1462],17.268086314443316
"[2812, 3906]",[1018],17.228209087931116
"[482, 2218]",[1058],17.225719110282984
"[584, 1018, 2812]",[1462],17.223898618823867
"[584, 1462, 2812]",[1018],17.1842595749517
"[1764, 3324]",[1135],17.12732483273152
"[1462, 2452]","[1018, 2812]",17.12562683165093
"[1130, 11931]",[3935],17.120004654242425
"[1018, 2452, 2812]",[830],17.08302737682107
"[1130, 1764]",[1135],17.08271363796944
"[1135, 1514]",[1537],17.076532453472186
[1829],[1615],17.04999034141316
"[648, 951]",[1190],17.042096839637527
"[897, 1537]",[1514],17.00897842294969
"[584, 1462, 1463]",[3906],17.00617147080562
"[660, 1018, 2812]",[830],16.99535788148548
"[1018, 1463]",[2812],16.96098317789593
"[1003, 4771]",[1514],16.940174569473932
"[1018, 3906]",[1462],16.923044494477594
"[584, 3906]",[1462],16.917134578467653
"[1462, 3905]",[584],16.903778647288988
"[1135, 1514, 1764]",[1537],16.899546112025536
"[482, 1058]",[2218],16.89324463225217
"[875, 1514]",[1537],16.86318834171595
[2414],[2845],16.859260399035747
"[911, 2218]",[722],16.848951945080092
"[911, 1721]",[722],16.76698004264936
"[830, 1463]",[1462],16.750931151030077
"[584, 830]",[1462],16.729966281003755
"[1462, 2452, 2812]",[830],16.727630126578653
"[817, 830]",[1018],16.720704492796543
"[1018, 3906]",[2812],16.702755061532354
"[1537, 3324]",[1514],16.69945025781013
"[485, 2218]",[2851],16.659305588200727
"[584, 2452, 2812]",[1018],16.65551312649165
"[584, 1018, 1462]",[3906],16.646252497878514
"[1130, 1764]",[3324],16.613848875410664
[2753],[2851],16.612240222935952
"[830, 1018]",[2812],16.55286244367877
[2765],[3647],16.534237871467337
"[584, 1018]",[1462],16.52808657889744
"[830, 2452]",[2812],16.504282334765605
"[1058, 2753]",[2218],16.47919451871658
"[875, 4771]",[1537],16.4732070144959
"[1514, 1764, 4771]",[1537],16.469817465727488
[1135],[1003],16.46697141048433
[1003],[1135],16.46697141048433
"[1058, 2851]",[2218],16.450733042863874
"[1462, 3906]",[584],16.441765049400825
"[1537, 4771]",[1514],16.410929678955156
"[1514, 1537]",[4771],16.40021989114745
[4771],"[1514, 1537]",16.40021989114745
"[543, 1018]",[830],16.386480712166172
"[1135, 4771]",[1514],16.37149561802596
[911],[722],16.32450921811494
[722],[911],16.32450921811494
"[1018, 1462, 2812]",[830],16.318240796109713
"[584, 660]",[1462],16.29092020456857
"[830, 1462, 2812]",[2452],16.288140561478198
"[543, 2812]",[1018],16.285798012144646
"[4771, 11931]",[1514],16.24932027759293
"[660, 2812]",[1018],16.243739997192193
"[1514, 3324, 4771]",[1537],16.239407592024538
"[1537, 1764]",[1514],16.232015357169505
"[584, 660]",[2812],16.226522207074694
"[1135, 1537]",[1003],16.194874392444724
"[850, 2812]",[584],16.190661855453293
"[584, 1463]",[1462],16.185846340205362
"[1018, 2452]",[2812],16.162451559136052
"[2452, 2812]",[1018],16.146080091025144
"[1135, 1514]",[3324],16.125206261427998
"[830, 1462]",[2812],16.076249958692706
[3059],[1764],16.07595246246393
"[1018, 4817]",[1462],16.047110514432173
"[1463, 2452]",[1462],16.047110514432173
"[1018, 2557]",[830],16.02419457397202
"[875, 1537]",[1514],15.989573759036793
"[1135, 3324]",[1764],15.960402607765154
"[1130, 1514]",[4771],15.893293564687578
"[1135, 1764]",[3324],15.872460081781792
"[1462, 4817]",[584],15.865520331478967
"[1135, 1514]",[1003],15.861526963726668
"[543, 830]",[1018],15.857783365027503
"[911, 1058]",[722],15.835481151391063
"[869, 2218]",[1058],15.822141997593262
"[875, 1537]",[4771],15.810599562293072
"[1130, 1514]",[1537],15.766569445841297
"[1130, 4771]",[1514],15.744727774961614
"[1003, 1514]",[1537],15.7392787670208
"[3324, 3568]",[1764],15.726505143211401
"[2413, 2414]",[1977],15.635754321214065
[3598],[1977],15.629830340642263
"[1018, 1462]",[2812],15.620447656691132
"[817, 2812]",[584],15.617621576299609
"[1537, 3935]",[1514],15.606302556129528
"[830, 1190]",[1018],15.6032911826369
"[1130, 4118]",[3935],15.595528274471427
"[1130, 4771]",[1537],15.56594561317851
"[1018, 1190]",[830],15.564666329945073
"[875, 1764]",[3324],15.552061541267877
"[1003, 1135]",[1764],15.531311492676743
"[2218, 2851]",[1058],15.517870036101085
[4678],[4771],15.514772306331928
[738],[4059],15.502070610752716
"[1058, 3217]",[2218],15.483042863871878
"[1018, 1462, 2452]",[830],15.453642646933117
"[861, 1462]",[584],15.447928423166344
"[543, 2812]",[830],15.433318934755661
[2414],[2884],15.420756952019046
"[2812, 3906]",[1462],15.417812062885812
"[1018, 3906]",[584],15.405000475980094
"[584, 2812]",[1463],15.39235016835017
"[850, 2812]",[1018],15.379283536945579
"[830, 2452, 2812]",[1462],15.337334472447674
"[660, 1018]",[2812],15.333177842565597
"[1018, 4817]",[2812],15.27257239654755
"[584, 1266]",[1462],15.262197500139294
"[584, 2452]",[2812],15.256535903958584
"[648, 909]",[1190],15.251693764381908
"[1537, 3324]",[4771],15.241229756627158
[521],[1443],15.241109101868595
"[543, 1463]",[1462],15.238535178433652
"[806, 2218]",[1058],15.207689881181873
"[1018, 2812]",[830],15.177992937636855
"[1514, 3324]",[1135],15.143708042648413
"[1130, 1135]",[3324],15.14173568391858
[4613],[3647],15.134841536900662
"[1130, 4118]",[11931],15.097958524973775
"[817, 1463]",[1462],15.032366761313668
"[1537, 1764]",[4771],15.031014088667758
"[1463, 2812]",[1462],15.007020018126383
"[543, 584]",[1462],14.98516937744769
"[1514, 1764]",[1135],14.96760346732859
"[830, 850]",[1018],14.950657886516138
"[543, 1018]",[2812],14.9354445021645
"[1462, 3906]",[1463],14.933422818791946
"[875, 1764]",[1135],14.908589443021318
"[1018, 3906]",[830],14.907642569292367
"[1003, 1514]",[1764],14.88480486794093
[864],[911],14.873260212484842
"[1537, 11931]",[1514],14.852476999292286
"[1514, 4771]",[1537],14.842813159547026
"[830, 1018, 2452]",[543],14.826364779530358
"[543, 830, 1018]",[2452],14.8206420937215
"[584, 3451]",[1462],14.797934246841644
"[1018, 3451]",[2812],14.788675788497216
"[485, 2218]",[869],14.78424417244874
"[543, 584]",[2812],14.779707519371385
"[584, 2452]",[1462],14.764996014567744
"[1130, 1135]",[1003],14.76295665945703
"[1462, 3451]",[3906],14.750250765494668
"[1764, 3324]",[1003],14.746263349089634
[1442],[3217],14.735388928962951
"[1130, 3324]",[1135],14.730913945867217
"[485, 2851]",[2218],14.72769155844156
"[1141, 4771]",[1514],14.703583410317501
"[584, 1018]",[1463],14.697910990009081
"[1514, 1764]",[4771],14.694557240248853
"[1537, 1764]",[3324],14.649911468413238
"[1514, 3324]",[1537],14.638339237881276
"[1003, 1135]",[3324],14.56178203094189
"[1514, 1764]",[3324],14.550691171928294
[1052],[726],14.549890504146864
"[850, 4817]",[1462],14.532173507824938
[654],[584],14.470457053322404
[2856],[1266],14.469900687257837
"[1462, 2812]",[1463],14.458796886058034
"[1135, 1537]",[1514],14.454270201320881
[12584],[648],14.432758598091642
"[648, 1190]",[909],14.425115955473098
"[1003, 1514]",[4771],14.419780966650707
"[1537, 1764]",[1003],14.414176533233102
"[830, 3906]",[1018],14.388187720815832
"[817, 2812]",[1018],14.382478122513922
"[828, 3451]",[850],14.371088691378796
"[1977, 2218]",[1058],14.35959105663926
[2050],[482],14.358215928694653
"[817, 850]",[856],14.347010501355014
[4771],[1514],14.337852842980253
[1514],[4771],14.337852842980253
"[2218, 2851]",[485],14.335784716516024
"[1018, 2452, 2812]",[584],14.32523614177033
"[584, 2812]",[1462],14.296516640130479
"[2452, 3906]",[584],14.270813547732365
"[1018, 3906]",[2452],14.270530924303891
"[584, 2812]",[1018],14.263614666955956
"[1514, 11931]",[1537],14.226722706165475
"[1130, 3935]",[11931],14.208452893352463
"[1190, 2812]",[1018],14.20578920208992
"[1018, 1462, 2812]",[2452],14.200767329345316
"[875, 1764]",[1003],14.19189254649228
"[584, 817]",[1462],14.176667568618132
"[584, 1018, 2812]",[830],14.161156171007802
"[830, 1018, 1462]",[2452],14.146976544006888
[738],[2851],14.103058981797243
"[1058, 2218]",[3217],14.092390139335476
"[1135, 1514]",[1764],14.080145361086831
"[660, 830]",[1018],14.047343253233157
"[1058, 1977]",[2218],14.00731534090909
"[1018, 2452, 2812]",[1462],13.961892763969235
"[830, 3451]",[1018],13.946645452134712
"[1135, 1514, 1537]",[1764],13.934214480723057
"[2452, 3906]",[1462],13.904899159350206
"[584, 850]",[1462],13.89341936644259
"[2452, 2812]",[584],13.88707800902154
"[584, 1462, 2812]",[3906],13.882588955759685
"[485, 869]",[2218],13.86862905040504
"[850, 1018]",[2812],13.856416861826698
"[856, 2812]",[1018],13.828453541523402
"[3906, 4817]",[1462],13.816921033991918
"[584, 1462, 2812]",[2452],13.81014376914958
"[1018, 1462]",[584],13.804219991736943
"[1135, 1537]",[3324],13.790151240459446
"[830, 1018, 2452]",[1462],13.772918100762645
"[806, 1058]",[2218],13.772555865921788
"[660, 2812]",[830],13.770151858963171
"[584, 1463]",[3906],13.72255911188926
"[660, 1018]",[830],13.712906329693103
"[1130, 1537]",[1514],13.705120519545398
"[897, 4771]",[1537],13.699147478288584
"[543, 830]",[2812],13.696992846725466
"[1130, 1537]",[4771],13.658402563051819
"[1018, 2452]",[830],13.648445971320818
"[1135, 1514]",[4771],13.64494600880251
"[1266, 1462]",[584],13.64381617032581
[1442],[2851],13.640856435503093
"[543, 1462]",[1463],13.562835249042145
"[1462, 2452]",[584],13.547816307151468
"[2812, 3906]",[830],13.547024398285526
"[1764, 4771]",[1537],13.535803112490232
"[830, 1462, 2812]",[543],13.53558461895372
[1126],[1135],13.507349470516044
"[897, 1764]",[3324],13.480275955849223
"[543, 1462]",[584],13.410668966802234
"[660, 1462]",[584],13.397469489472702
"[897, 1514]",[4771],13.392014215237412
"[1003, 1537]",[1514],13.378856634085729
"[830, 1018, 1462]",[584],13.362670867422127
"[584, 2452]",[3906],13.357817551933719
"[1018, 3451]",[830],13.353495478310018
"[660, 2452]",[2812],13.337142857142856
"[660, 830]",[2812],13.315257161610953
"[1523, 1721]",[726],13.307156721384205
"[1018, 1462, 2812]",[3906],13.301948353047303
"[584, 1190]",[1462],13.292356542787985
"[543, 830, 2812]",[1462],13.292356542787985
"[1141, 1537]",[1514],13.274502991700444
[2812],[1018],13.269236958745312
[1018],[2812],13.269236958745312
"[830, 2452]",[543],13.242180145827017
"[584, 850]",[817],13.23999731471536
"[1003, 1764]",[3324],13.226559298870626
"[817, 3451]",[850],13.217007345704202
"[1003, 3568]",[1764],13.193881673430345
[12606],[3935],13.190132057913633
"[850, 2452]",[1462],13.18504964524229
"[543, 1018, 2812]",[1462],13.18504964524229
"[584, 830]",[2452],13.183778141010672
[2840],[1266],13.183229724697055
"[897, 1537]",[4771],13.168145868005949
[2845],[806],13.157120081411126
"[869, 2218]",[485],13.111383235873667
"[1462, 1463]",[3906],13.107130989566027
"[1058, 2218]",[485],13.09958299096138
"[830, 1462]",[584],13.090657211087832
[1463],[584],13.078285820756475
"[830, 1462]",[2452],13.067054670418575
"[850, 856]",[817],13.065516729947792
"[1018, 1462]",[830],13.061687524190427
"[1058, 2218]",[2851],13.031681436567164
"[1141, 1514]",[1537],13.02264636824964
"[584, 1018, 2812]",[2452],13.015218420486335
[2050],[1058],12.989123329105277
[1537],[1514],12.976293749104501
[1514],[1537],12.976293749104501
[4771],[1537],12.967825407864728
[1537],[4771],12.967825407864728
"[897, 1514]",[1537],12.943358993396117
[1489],[660],12.934608131385128
"[850, 1462]",[584],12.9211362315285
"[1058, 2218]",[869],12.892846534653465
"[1018, 3451]",[2452],12.883853638291987
"[830, 850]",[2812],12.873739035833275
"[823, 824]",[780],12.858801330065697
"[1514, 3324]",[1764],12.854803499821973
"[1190, 1462]",[584],12.852519639724976
"[1130, 1764]",[1003],12.814454647838517
[3326],[1764],12.801636716780093
"[3906, 4817]",[584],12.79699869811432
"[1462, 2812]",[830],12.770443381823297
[2764],[1266],12.736958351973904
"[911, 2218]",[1058],12.721002166064983
"[543, 1462]",[1018],12.714291004855566
"[584, 1018]",[3906],12.709945202003421
"[830, 3906]",[2812],12.67619803777009
"[543, 1018]",[2452],12.67569098343017
"[1135, 1537]",[4771],12.671393562243576
[2845],[482],12.646514766592569
"[584, 1018, 1462]",[830],12.643889438399825
"[830, 2452]",[1462],12.6318797450967
"[2812, 3451]",[830],12.622639204049571
"[3324, 4771]",[1537],12.59412014821114
"[910, 1721]",[726],12.515420347243376
"[584, 1462]",[3906],12.5068368970808
"[726, 1141]",[1721],12.50129942571722
[1126],[1003],12.487191281741454
"[817, 1018]",[584],12.483547784039091
"[660, 2452]",[1018],12.440572792362767
"[1462, 2812]",[2452],12.434922057789493
[2413],[1977],12.432240329823491
"[909, 1190]",[648],12.417905978180745
"[2851, 4059]",[2218],12.400538277511961
"[660, 2812]",[584],12.393222196648363
"[830, 1018, 1462]",[543],12.366973691544507
"[850, 1018]",[1462],12.31484198289928
"[543, 584]",[2452],12.30430312861103
"[1003, 1537]",[1764],12.303971765838268
"[1514, 1764]",[1537],12.301669406685646
"[584, 1462, 3906]",[2812],12.29442077922078
"[2452, 2812]",[830],12.286836082165943
"[1463, 2812]",[1018],12.286330517356769
"[3324, 4771]",[1764],12.273516390180253
"[1462, 2452]",[1018],12.249523535670125
[1462],[584],12.19679067747297
[584],[1462],12.19679067747297
"[1018, 1190]",[2812],12.170895274937827
[1018],[830],12.16710315408785
[830],[1018],12.16710315408785
"[1018, 2452]",[1462],12.16405302364043
[11103],[1003],12.139924120333065
[3045],[910],12.138013801380138
"[850, 1018]",[830],12.12569724830147
"[584, 1462, 1463]",[2812],12.123664935064937
[2050],[1977],12.1175823134124
"[1058, 2218]",[482],12.104521276595744
[12606],[11931],12.069212410501192
[1611],[648],12.053835376861743
"[543, 830, 1018]",[1462],12.035332885824127
"[543, 2812]",[584],11.977773807586447
"[911, 1058]",[2218],11.97435569812962
[972],[970],11.970320466132556
"[660, 2452]",[1462],11.964117898334043
"[584, 1018]",[830],11.959770858431908
"[543, 1462]",[830],11.958752572279636
"[1018, 1462]",[2452],11.9572706093693
"[850, 2812]",[1462],11.955891744663573
"[543, 2812]",[2452],11.953299801423539
"[543, 1462]",[2452],11.95175604579892
"[875, 1003]",[1764],11.9467900033464
"[1462, 2452]",[3906],11.942371704111345
"[584, 850]",[3906],11.934155418109205
"[543, 2452]",[1018],11.913744589620162
[651],[2812],11.800927449513836
[951],[648],11.797010679271708
"[726, 911]",[1721],11.794490461136355
[1764],[1003],11.79069083082881
[1003],[1764],11.79069083082881
[2021],[1977],11.779324679047848
"[1130, 1135]",[875],11.773389230330904
"[584, 1462, 2812]",[830],11.740754478514122
[1274],[1266],11.736949225166038
"[2452, 3906]",[1018],11.729399633894849
"[2753, 2851]",[2218],11.694581032285472
"[1003, 1130]",[1764],11.676218104315907
"[1018, 1462]",[3906],11.661374722838138
"[660, 1462]",[1018],11.658523932643861
"[726, 1523]",[1721],11.637888972956194
"[726, 1185]",[1721],11.62185232607768
[2414],[1977],11.62145744108123
"[584, 1462, 3906]",[1018],11.610582338902148
"[726, 824]",[910],11.592335549344408
"[850, 2812]",[830],11.588741663483855
"[648, 3214]",[1190],11.565757621250363
"[1462, 2812]",[3906],11.554086774220378
"[1462, 3451]",[584],11.549165535414838
"[543, 3906]",[1462],11.513801794105083
"[897, 3324]",[1764],11.50323709536308
"[830, 1462]",[543],11.487031637344517
"[817, 850]",[584],11.483545276690888
"[543, 1462]",[2812],11.481858486341244
"[543, 584]",[1018],11.470822887627605
"[543, 830]",[2452],11.461320569075097
[3082],[648],11.45015570440505
"[543, 1462]",[3906],11.44914663880181
"[850, 1018]",[584],11.44589430857059
[823],[780],11.435732290074451
"[817, 1018]",[1462],11.42108942115687
"[875, 3324]",[1764],11.420677977453774
[1764],[1135],11.41167620447301
[1135],[1764],11.41167620447301
"[850, 1462]",[3906],11.389954529787873
"[875, 1514]",[3324],11.375247878659554
"[830, 1462]",[3906],11.374538533726765
"[1462, 2452]",[2812],11.356292286027227
"[817, 1018]",[830],11.356165907079541
[3324],[1135],11.34879736264246
[1135],[3324],11.34879736264246
"[1514, 3324]",[875],11.313608985100313
"[824, 910]",[726],11.292808429904625
"[830, 3906]",[1462],11.282029662985062
"[2452, 2812]",[1462],11.265631364056308
"[1514, 1764]",[1003],11.233457217309581
"[584, 817]",[2812],11.200704889965339
"[1135, 1537]",[1764],11.199323820740425
[954],[482],11.190513497168618
"[1537, 3324]",[1764],11.189709016636078
"[584, 2812]",[2452],11.14610273164179
"[543, 2452]",[830],11.13152106489631
"[584, 1463]",[2812],11.121273999775442
"[1130, 4771]",[875],11.117871805427297
"[910, 1141]",[1721],11.109445784072223
"[584, 1462]",[2812],11.076054756054756
"[875, 1135]",[1764],11.053486472085728
"[1130, 1764]",[875],11.041460315355632
[4676],[4771],11.029685565771516
"[1130, 1135]",[1537],10.996039450182495
"[1130, 3324]",[875],10.995161537283725
"[660, 2812]",[2452],10.984711198875935
"[726, 730]",[1721],10.958459038795134
"[850, 3906]",[1462],10.953318172714075
"[828, 850]",[3451],10.899850570225698
"[830, 3451]",[2812],10.888778467908901
[3153],[1141],10.88661037632257
"[817, 2812]",[1462],10.881946817599317
"[728, 730]",[725],10.870863750280655
"[584, 1018]",[2452],10.87042884307886
"[954, 2851]",[2218],10.854671717171717
"[1462, 3451]",[850],10.849782149458674
"[1067, 2218]",[911],10.820763538689809
"[584, 830]",[543],10.805752899278604
[4772],[3935],10.804007416459484
[1611],[1190],10.799834303246332
[2218],[1058],10.787824089268133
[1058],[2218],10.787824089268133
"[830, 850]",[1462],10.733080461878062
[954],[1977],10.724664213598215
"[875, 3324]",[1514],10.71503999656866
"[850, 3906]",[584],10.673502663812279
"[584, 850]",[2812],10.664750968329916
"[730, 2218]",[911],10.662588959226202
"[543, 660]",[830],10.632167015905608
"[726, 910]",[1721],10.628209107722553
"[660, 1462]",[2452],10.610232408005164
[964],[824],10.602723469402493
[909],[1190],10.595608931272054
"[584, 3906]",[2812],10.595091534971052
[3568],[1003],10.59320008756035
[3905],[3906],10.576167926864242
[3324],[1764],10.57557889458383
[1764],[3324],10.57557889458383
[1463],[1462],10.570519720916987
"[1018, 2452]",[543],10.561772738748251
"[543, 1018]",[1462],10.558998718496369
[4817],[1462],10.556049726826654
[1778],[1185],10.533552231952822
"[1067, 1721]",[911],10.531743264509927
[4037],[3906],10.525590115072207
[654],[1462],10.476351942064525
"[725, 728]",[730],10.459068053274951
"[830, 1462]",[660],10.454993638676845
[2812],[830],10.454784127840506
[830],[2812],10.454784127840506
"[543, 2812]",[1462],10.39761353743667
"[1462, 1463]",[817],10.395983359283768
"[1130, 1514]",[3324],10.38851908602962
"[584, 4817]",[2812],10.386991441737985
"[830, 1018, 2812]",[2452],10.386859094152424
"[660, 1462]",[830],10.38605203868557
"[3935, 11931]",[1130],10.368894929360046
[3214],[1190],10.367569609482734
"[850, 1462]",[817],10.350970469235076
"[2413, 2414]",[911],10.33472860352807
"[1018, 1462, 2812]",[543],10.325839602473932
"[660, 1462]",[2812],10.316498917748918
"[1462, 3451]",[2452],10.30708291063359
"[543, 2452]",[2812],10.303233986352629
[951],[1190],10.271127101487547
"[1130, 1135]",[1764],10.231060308001139
"[584, 3906]",[2452],10.226730031812206
"[660, 1018]",[1462],10.220481101453823
[10431],[4118],10.219976913565247
[2753],[1058],10.214294200977928
[1835],[1764],10.20530099641435
"[1067, 1130]",[4118],10.200178430586622
[1835],[1514],10.176553124711528
"[730, 1721]",[911],10.167613843130594
"[1018, 2812]",[584],10.157435625574252
"[817, 1462]",[2812],10.14715240031534
"[584, 2452]",[1018],10.136479426551519
"[543, 660]",[1018],10.112970398941284
"[584, 2812]",[3906],10.110451148588622
[2846],[1185],10.072933425266221
"[730, 970]",[725],10.050554317164107
[4678],[1514],10.007443015663181
"[1018, 2452]",[3906],10.003630276944481
"[830, 2452]",[584],9.972327794182124
"[730, 4118]",[1067],9.916683427192277
"[1514, 1537, 4771]",[875],9.915521927934497
"[911, 1721]",[726],9.865096038415366
"[1130, 1537]",[875],9.851919803291093
"[543, 584]",[830],9.835822756402264
[3217],[1058],9.818885548345659
"[1130, 1514]",[875],9.80196691190313
"[1018, 3451]",[1462],9.778707969732105
"[830, 1018, 2812]",[1462],9.754954023246924
"[3451, 3906]",[1462],9.742888526619533
"[730, 1130]",[1067],9.742706524960834
"[725, 1067]",[730],9.739407407407407
"[910, 911]",[1721],9.72323288666895
[1210],[817],9.706755489160646
[3372],[660],9.696139337814646
"[1462, 3906]",[1018],9.687770498630488
"[1130, 11931]",[4118],9.685463544383435
"[1462, 3906]",[2452],9.684507432810083
"[1130, 3324]",[1764],9.680283385629428
"[660, 1018]",[2452],9.671912535188381
"[584, 1463]",[817],9.66608833735223
"[817, 850]",[1462],9.653339918838103
[828],[850],9.650807459518495
"[726, 1721]",[910],9.623018777336043
"[726, 1052]",[910],9.616265781702824
"[543, 830]",[1462],9.61110362361713
"[875, 1135]",[1130],9.609980066445182
"[817, 1462]",[850],9.60881665121388
"[660, 2812]",[1462],9.581068924793327
[1146],[1185],9.518729400046618
[4817],[584],9.515720572952452
[1096],[1185],9.50113515164931
"[780, 823]",[824],9.499740745463045
[3031],[660],9.48427056776683
"[817, 2812]",[830],9.482917078799868
"[1462, 2452]",[830],9.479652735571365
"[830, 1018, 2812]",[584],9.476946838869113
"[911, 1067]",[2218],9.475536848262033
"[830, 1018, 2812]",[543],9.466882200135533
"[584, 2812]",[830],9.458286125348438
"[543, 660]",[1462],9.449542565963021
[2812],[584],9.449317256248504
[584],[2812],9.449317256248504
"[1462, 1463]",[2812],9.39855055026717
"[543, 2452]",[1462],9.329082892288534
"[660, 830]",[1462],9.327020912720503
[822],[780],9.294346088490595
"[817, 856]",[850],9.294151284193823
[3906],[1462],9.277791722035897
"[1462, 1463]",[2452],9.251428802620305
"[1018, 2452]",[584],9.235963687777057
"[875, 1764]",[1514],9.235202656322336
[1831],[1185],9.232459491707038
"[1018, 2812]",[2452],9.228555951925868
"[3935, 4118]",[1130],9.219259086128314
[600],[648],9.207422969187673
"[1462, 4817]",[1018],9.16493843997424
[997],[543],9.16072125299593
"[726, 1052]",[1721],9.155922456589616
"[875, 3324]",[1130],9.137129042361602
"[2452, 2812]",[543],9.12477074807865
[1190],[648],9.121262934471385
[648],[1190],9.121262934471385
"[543, 1462]",[660],9.111871798475763
"[1130, 3324]",[1514],9.100657163077544
[2408],[1185],9.097927464417834
[1622],[1185],9.077584272571931
"[584, 3906]",[1018],9.073721137533427
"[1018, 2812]",[1462],9.073320164947674
[2851],[2218],9.059457683175033
"[1537, 1764]",[875],9.049745744429492
"[725, 1185]",[730],9.047536935842945
"[2452, 3451]",[1018],9.0416811617653
[3794],[1141],9.017796640393737
[3906],[584],9.017086845496232
"[4118, 11931]",[1130],8.979021779254337
"[1130, 1764]",[1537],8.95553728416925
"[725, 1721]",[730],8.941095324833029
"[730, 1185]",[1569],8.925714375927505
"[830, 2812]",[2452],8.913280859713547
[2844],[648],8.887537572335525
"[850, 1462]",[3451],8.842645274623582
[2753],[2218],8.841748417721519
"[730, 1067]",[4118],8.830893777453399
"[1130, 1764]",[1514],8.825518564726654
[861],[1462],8.817887227680478
[1126],[1764],8.814399941493381
"[584, 817]",[850],8.791463349400598
[869],[2218],8.790577182718273
"[660, 830]",[543],8.785363179994112
[1177],[726],8.768974256369214
"[1462, 2812]",[543],8.761033733358847
[2223],[1462],8.748029772540338
"[1462, 3451]",[1018],8.741558131605865
"[584, 1462]",[1018],8.723384414076538
"[660, 1462]",[543],8.694733175369576
[1086],[2218],8.674731876024293
[997],[830],8.656020784359063
"[1018, 1462]",[543],8.648517447284942
"[584, 2812]",[817],8.639432591218306
[909],[648],8.626928754456328
"[1130, 4118]",[1067],8.618944608325139
[856],[817],8.613450410652066
"[875, 1130]",[1537],8.613281960544375
"[1141, 1721]",[726],8.600340136054422
"[543, 2452]",[584],8.595141685062197
[2413],[911],8.591401194053576
"[875, 4771]",[1130],8.568834465253481
"[1462, 3906]",[2812],8.556892414073623
[3133],[897],8.55431043841243
"[830, 2812]",[584],8.548655352987335
"[830, 2812]",[543],8.546553349927546
"[897, 1764]",[1514],8.543533482935528
"[730, 1141]",[4118],8.53383830587443
"[875, 1130]",[4771],8.528916421564025
[4676],[1514],8.52788511722887
"[543, 1018]",[584],8.525384013415316
"[817, 1462]",[1018],8.521712277063143
"[830, 1018]",[543],8.502294412936848
"[830, 1018]",[2452],8.499012694167403
"[584, 1462]",[817],8.471667093478317
"[1135, 1537]",[1130],8.46009743542605
"[730, 1141]",[1569],8.458038331981784
[771],[726],8.452773978223998
[3217],[2218],8.447427043749391
[954],[2218],8.445409766267323
[738],[2218],8.423786080388455
[2754],[1141],8.421517842130966
"[730, 911]",[1721],8.417541613316262
"[830, 2812]",[1462],8.392975814293079
"[850, 1462]",[1018],8.373204220951202
[2419],[910],8.369839286560236
"[584, 850]",[1018],8.367987271280827
[4059],[2218],8.36322308057372
"[725, 1569]",[730],8.363186795491144
"[584, 2452]",[543],8.36269965930711
"[584, 1018]",[543],8.360718211692063
"[1462, 2452]",[543],8.32853043073582
[1126],[1537],8.313765588034805
"[875, 1537]",[1130],8.30551834952409
"[1130, 3935]",[4118],8.30319402733728
"[897, 1537]",[1130],8.296142058770508
"[830, 1018]",[1462],8.274291359004089
"[817, 850]",[3451],8.249144117823326
[2754],[1721],8.245755049779193
"[725, 4118]",[730],8.207365792759052
[2844],[1190],8.182414503545912
[660],[648],8.182377833946077
[1268],[648],8.180988399774922
"[660, 1018]",[543],8.157404163382092
"[584, 2452]",[830],8.156146648039945
[4426],[1764],8.150066767969793
"[1462, 1463]",[1018],8.122875927503529
"[730, 1721]",[726],8.117714665653496
"[1135, 3324]",[1537],8.103424594817326
"[2452, 3451]",[1462],8.091551488209443
[521],[648],8.085632512498671
[364],[910],8.082303813844064
"[730, 911]",[1067],8.042235814679856
"[911, 2218]",[1067],8.028546902654867
"[1135, 3324]",[1514],8.020497829324714
[3568],[1764],8.003813760845588
"[1514, 3324]",[1130],7.985245387050988
[1917],[2218],7.952540322580645
[806],[911],7.939075878511455
[1267],[1190],7.928471296813729
[2884],[2218],7.819024718171476
"[875, 1764]",[1537],7.814451773605793
[1442],[2218],7.811430608365019
"[725, 970]",[730],7.808318007662836
[485],[2218],7.7959092776574295
"[850, 3451]",[1462],7.757581049794558
"[1067, 4118]",[730],7.714382104877155
[1462],[1018],7.7075918640321595
[1018],[1462],7.7075918640321595
[4037],[830],7.69825870088971
[1721],[726],7.644502077399461
[726],[1721],7.644502077399461
[861],[584],7.643447736165456
"[1537, 3324]",[1130],7.621551425802879
"[1130, 3324]",[1537],7.614081215308209
"[1141, 1721]",[910],7.612877077181402
[2452],[2812],7.584249243332524
[2414],[911],7.583062719674616
[3401],[830],7.581123269040553
[482],[2218],7.580609284332688
[2452],[1018],7.5765669128285085
"[875, 1514]",[1130],7.575434737062644
[3638],[4118],7.5651323360184115
[728],[725],7.555718045053185
[2452],[1462],7.523701750230061
"[3906, 4817]",[1018],7.519157891526302
"[730, 1721]",[725],7.5085987468998825
"[730, 1569]",[725],7.5005184684528565
"[1185, 1569]",[1721],7.467174011812813
"[897, 1514]",[1764],7.46187186708936
"[875, 1130]",[1514],7.449149312410939
"[911, 1721]",[910],7.424322846167622
[3002],[1185],7.423786844614362
"[584, 2812]",[543],7.338755581566741
"[850, 1462]",[2812],7.324190821647181
[828],[3451],7.319720965460043
"[1764, 3324]",[1514],7.306009487791932
[1812],[910],7.295673865632178
"[875, 1764]",[1130],7.280287929125139
[728],[730],7.2695023173782864
"[730, 897]",[725],7.239059304703476
"[584, 1463]",[1018],7.234571127908496
[600],[1190],7.20425534724056
"[875, 1514]",[1764],7.199750102360961
"[1185, 1569]",[1141],7.175693504093953
[788],[850],7.168170678518765
[1255],[1141],7.167273732437229
"[584, 817]",[1018],7.163911932406818
"[730, 4118]",[725],7.161204162018962
[771],[1721],7.146259635970017
"[1462, 4817]",[850],7.136745591643928
"[648, 660]",[1190],7.112231776902677
[3031],[830],7.110577623949551
[1210],[2812],7.109290009601294
"[1018, 2812]",[543],7.10574864759414
"[1067, 1185]",[730],7.074395430256127
[997],[1018],7.063885358873426
"[730, 1185]",[725],7.0539334494685555
[842],[1462],7.020610850064075
"[911, 1067]",[1721],7.014618011096884
[2223],[1018],7.012675563121912
"[730, 1721]",[1185],7.010381737095943
"[1141, 1569]",[1185],7.0068707395776535
"[730, 1185]",[1721],6.99729796662504
[1052],[910],6.987161153029506
"[1135, 1764]",[1514],6.96471880208266
[4676],[1764],6.957428289683863
[910],[726],6.921503546702683
[726],[910],6.921503546702683
[1622],[1721],6.9129568805012775
"[970, 1721]",[730],6.905188320595728
[1052],[1721],6.875820394438955
[2812],[1462],6.871080956634139
[1462],[2812],6.871080956634139
[1835],[1537],6.848226193651641
"[1135, 3324]",[1130],6.84564387365498
[1126],[1514],6.842034053536489
"[1537, 1764]",[1130],6.838353518091983
"[1569, 1721]",[1185],6.781384313860331
"[730, 1141]",[1185],6.763215416493188
"[1185, 1569]",[730],6.754750298685782
"[897, 1514]",[1130],6.735425615958129
"[911, 1067]",[730],6.731649237472767
"[897, 1764]",[1130],6.710300973819967
[1268],[1190],6.706267112248187
[3865],[1141],6.70336125594731
"[1462, 3906]",[830],6.691684534992045
[3935],[1130],6.6915696898604144
[861],[850],6.683465804066544
[1135],[1537],6.668826328765553
[3905],[1462],6.644111214571679
"[1514, 1537, 4771]",[1130],6.632942739550867
[2727],[1141],6.592617285474366
[12584],[1190],6.579493560153014
[1759],[830],6.579222851190928
"[1003, 1135]",[1537],6.558631945557612
[3077],[1462],6.556011602633365
"[1135, 1764]",[1537],6.544730521783497
[3486],[850],6.541317933586679
"[897, 1130]",[1514],6.526722287012948
[543],[830],6.523502735998438
"[725, 897]",[730],6.492938271604938
[11257],[1190],6.462696323807992
[2223],[850],6.446191110016982
[2856],[1462],6.444038944503258
[584],[1018],6.437363041978893
[1622],[1141],6.429035541076069
"[584, 3906]",[850],6.405293076186447
"[1462, 3906]",[850],6.388507073238308
[1759],[1018],6.349970694562318
"[730, 1569]",[1185],6.340205399416413
[1563],[1190],6.336033001092718
[543],[1018],6.313026877810442
[875],[1537],6.304665338409643
"[584, 1018]",[850],6.29109984034007
[1210],[1018],6.288200551619105
"[897, 1067]",[730],6.283488649940264
"[1067, 1721]",[730],6.278295684113867
[1489],[850],6.197616907231768
[566],[850],6.165229150810046
[1126],[1130],6.162073770076505
[11103],[1764],6.158005438577567
"[911, 1721]",[730],6.151204678362572
[2697],[1190],6.151198805395579
[1403],[850],6.150221338558555
[1443],[1190],6.1300664362827835
[856],[850],6.127175285153961
"[911, 1721]",[1067],6.123986958546809
[875],[1130],6.079391560108677
"[1067, 4118]",[1130],6.054892931153581
"[730, 970]",[1721],6.044751212134936
"[1514, 1537, 4771]",[1764],6.038731356355822
"[730, 1721]",[1067],6.034407362078705
[3324],[1514],6.010615389320547
[875],[1514],5.978045753374158
[1255],[1721],5.955518136336084
[1146],[1141],5.943794218487977
[910],[1721],5.877803940512659
[812],[1462],5.877720711681551
"[1141, 1721]",[1185],5.873921162130769
[775],[897],5.871655101614306
"[1130, 1514]",[1764],5.870011287415648
[725],[730],5.835677649019162
"[875, 1537]",[1764],5.776525623337722
"[730, 1141]",[1721],5.731456179798673
[3638],[1141],5.731310753672464
[1489],[1462],5.729023061618772
[3372],[1462],5.72734043031543
[3373],[897],5.7081017943426735
"[897, 1130]",[1764],5.679137068578066
[1135],[1514],5.644765290863273
"[1185, 1721]",[1141],5.628400477708732
[1831],[1721],5.627325869626469
"[1514, 1537]",[1130],5.613582418447252
[3360],[897],5.608939150032195
"[1537, 4771]",[1130],5.59810018792577
[1255],[1185],5.596519406558296
"[875, 1130]",[1764],5.581085383195026
[2727],[1185],5.571494841452155
[11931],[1130],5.553552971576227
[2408],[1141],5.445886911358098
"[1185, 1721]",[730],5.434696951094741
"[730, 4118]",[1141],5.421950230036734
"[730, 1185]",[1141],5.412904600690661
[3109],[730],5.400067473414008
"[1130, 1764]",[897],5.382370448063055
[864],[730],5.333485008818342
[1628],[1141],5.315220277410529
[1537],[1130],5.315056831692585
[12606],[1130],5.290805905533663
[3324],[1130],5.273931096496642
[2067],[1141],5.180704480393887
[2933],[1141],5.158179678305219
"[911, 2218]",[730],5.142407111111111
[1135],[1130],5.130840133567801
"[1514, 4771]",[1130],5.121336946443763
"[1514, 1764]",[1130],5.107304386009356
"[1067, 1130]",[730],5.106805382161188
"[1569, 1721]",[730],5.061424321959755
"[1141, 1569]",[730],5.0023415477734545
[2952],[730],4.885261862501479
[960],[730],4.833089390142022
"[1141, 4118]",[730],4.757202298007578
"[722, 911]",[730],4.434756437698645
[1067],[730],4.430137528679122
[970],[730],4.4121714547759705
[1569],[730],4.408887752202331
[621],[897],4.3791327131025595
[3719],[897],4.340179753575899
[3043],[897],4.233161622665808
"[897, 1185]",[730],4.082386338434243
"[1141, 1185]",[730],4.028465350995765
[1029],[730],3.979954304009314
[1590],[730],3.950891684136968
[4118],[730],3.945076418190342
[4161],[730],3.920524168236033
